Date,Indicator,Category,Unit,Value
2005-01-01,Commercial Bank Deposit Rate (Shillings),Deposit Rate,Percent per Annum,7.820000
2005-01-01,Commercial Bank Lending Rate (Shillings),Lending Rate,Percent per Annum,19.360000
2005-01-01,Interbank Rate (Overall),Interbank Rate,Percent per Annum,5.592500
2005-01-01,UGX per USD (Period Average),Exchange Rate,UGX per USD,1732.005789
2005-01-01,UGX per USD (Period End),Exchange Rate,UGX per USD,1713.800000
2005-02-01,Commercial Bank Deposit Rate (Shillings),Deposit Rate,Percent per Annum,6.160000
2005-02-01,Commercial Bank Lending Rate (Shillings),Lending Rate,Percent per Annum,20.360000
2005-02-01,Interbank Rate (Overall),Interbank Rate,Percent per Annum,6.042000
2005-02-01,UGX per USD (Period Average),Exchange Rate,UGX per USD,1711.066500
2005-02-01,UGX per USD (Period End),Exchange Rate,UGX per USD,1700.610000
2005-03-01,Commercial Bank Deposit Rate (Shillings),Deposit Rate,Percent per Annum,8.210000
2005-03-01,Commercial Bank Lending Rate (Shillings),Lending Rate,Percent per Annum,20.630000
2005-03-01,Interbank Rate (Overall),Interbank Rate,Percent per Annum,8.610000
2005-03-01,UGX per USD (Period Average),Exchange Rate,UGX per USD,1711.230000
2005-03-01,UGX per USD (Period End),Exchange Rate,UGX per USD,1742.460000
2005-04-01,Commercial Bank Deposit Rate (Shillings),Deposit Rate,Percent per Annum,8.590000
2005-04-01,Commercial Bank Lending Rate (Shillings),Lending Rate,Percent per Annum,20.780000
2005-04-01,Interbank Rate (Overall),Interbank Rate,Percent per Annum,7.500000
2005-04-01,UGX per USD (Period Average),Exchange Rate,UGX per USD,1777.680000
2005-04-01,UGX per USD (Period End),Exchange Rate,UGX per USD,1776.820000
2005-05-01,Commercial Bank Deposit Rate (Shillings),Deposit Rate,Percent per Annum,8.670000
2005-05-01,Commercial Bank Lending Rate (Shillings),Lending Rate,Percent per Annum,19.420000
2005-05-01,Interbank Rate (Overall),Interbank Rate,Percent per Annum,7.982500
2005-05-01,UGX per USD (Period Average),Exchange Rate,UGX per USD,1775.623000
2005-05-01,UGX per USD (Period End),Exchange Rate,UGX per USD,1762.760000
2005-06-01,Commercial Bank Deposit Rate (Shillings),Deposit Rate,Percent per Annum,10.170000
2005-06-01,Commercial Bank Lending Rate (Shillings),Lending Rate,Percent per Annum,18.070000
2005-06-01,Interbank Rate (Overall),Interbank Rate,Percent per Annum,6.770000
2005-06-01,UGX per USD (Period Average),Exchange Rate,UGX per USD,1738.318750
2005-06-01,UGX per USD (Period End),Exchange Rate,UGX per USD,1740.250000
2005-07-01,Commercial Bank Deposit Rate (Shillings),Deposit Rate,Percent per Annum,9.190000
2005-07-01,Commercial Bank Lending Rate (Shillings),Lending Rate,Percent per Annum,19.557000
2005-07-01,Interbank Rate (Overall),Interbank Rate,Percent per Annum,7.200000
2005-07-01,UGX per USD (Period Average),Exchange Rate,UGX per USD,1752.122250
2005-07-01,UGX per USD (Period End),Exchange Rate,UGX per USD,1774.435000
2005-08-01,Commercial Bank Deposit Rate (Shillings),Deposit Rate,Percent per Annum,9.791000
2005-08-01,Commercial Bank Lending Rate (Shillings),Lending Rate,Percent per Annum,20.611000
2005-08-01,Interbank Rate (Overall),Interbank Rate,Percent per Annum,6.060000
2005-08-01,UGX per USD (Period Average),Exchange Rate,UGX per USD,1814.859773
2005-08-01,UGX per USD (Period End),Exchange Rate,UGX per USD,1820.200000
2005-09-01,Commercial Bank Deposit Rate (Shillings),Deposit Rate,Percent per Annum,10.028000
2005-09-01,Commercial Bank Lending Rate (Shillings),Lending Rate,Percent per Annum,19.176000
2005-09-01,Interbank Rate (Overall),Interbank Rate,Percent per Annum,6.850000
2005-09-01,UGX per USD (Period Average),Exchange Rate,UGX per USD,1847.606818
2005-09-01,UGX per USD (Period End),Exchange Rate,UGX per USD,1862.680000
2005-10-01,Commercial Bank Deposit Rate (Shillings),Deposit Rate,Percent per Annum,9.840000
2005-10-01,Commercial Bank Lending Rate (Shillings),Lending Rate,Percent per Annum,19.590000
2005-10-01,Interbank Rate (Overall),Interbank Rate,Percent per Annum,6.750000
2005-10-01,UGX per USD (Period Average),Exchange Rate,UGX per USD,1855.365250
2005-10-01,UGX per USD (Period End),Exchange Rate,UGX per USD,1830.130000
2005-11-01,Commercial Bank Deposit Rate (Shillings),Deposit Rate,Percent per Annum,9.180000
2005-11-01,Commercial Bank Lending Rate (Shillings),Lending Rate,Percent per Annum,18.790000
2005-11-01,Interbank Rate (Overall),Interbank Rate,Percent per Annum,6.640000
2005-11-01,UGX per USD (Period Average),Exchange Rate,UGX per USD,1834.470476
2005-11-01,UGX per USD (Period End),Exchange Rate,UGX per USD,1828.765000
2005-12-01,Commercial Bank Deposit Rate (Shillings),Deposit Rate,Percent per Annum,7.850000
2005-12-01,Commercial Bank Lending Rate (Shillings),Lending Rate,Percent per Annum,19.370000
2005-12-01,Interbank Rate (Overall),Interbank Rate,Percent per Annum,6.230000
2005-12-01,UGX per USD (Period Average),Exchange Rate,UGX per USD,1816.134524
2005-12-01,UGX per USD (Period End),Exchange Rate,UGX per USD,1816.855000
2006-01-01,Commercial Bank Deposit Rate (Shillings),Deposit Rate,Percent per Annum,9.590000
2006-01-01,Commercial Bank Lending Rate (Shillings),Lending Rate,Percent per Annum,19.740000
2006-01-01,Interbank Rate (Overall),Interbank Rate,Percent per Annum,6.970000
2006-01-01,UGX per USD (Period Average),Exchange Rate,UGX per USD,1819.121250
2006-01-01,UGX per USD (Period End),Exchange Rate,UGX per USD,1820.190000
2006-02-01,Commercial Bank Deposit Rate (Shillings),Deposit Rate,Percent per Annum,8.290000
2006-02-01,Commercial Bank Lending Rate (Shillings),Lending Rate,Percent per Annum,19.180000
2006-02-01,Interbank Rate (Overall),Interbank Rate,Percent per Annum,6.620000
2006-02-01,UGX per USD (Period Average),Exchange Rate,UGX per USD,1815.841579
2006-02-01,UGX per USD (Period End),Exchange Rate,UGX per USD,1824.750000
2006-03-01,Commercial Bank Deposit Rate (Shillings),Deposit Rate,Percent per Annum,8.430000
2006-03-01,Commercial Bank Lending Rate (Shillings),Lending Rate,Percent per Annum,18.860000
2006-03-01,Interbank Rate (Overall),Interbank Rate,Percent per Annum,6.450000
2006-03-01,UGX per USD (Period Average),Exchange Rate,UGX per USD,1820.943289
2006-03-01,UGX per USD (Period End),Exchange Rate,UGX per USD,1823.510000
2006-04-01,Commercial Bank Deposit Rate (Shillings),Deposit Rate,Percent per Annum,8.980000
2006-04-01,Commercial Bank Lending Rate (Shillings),Lending Rate,Percent per Annum,18.733000
2006-04-01,Interbank Rate (Overall),Interbank Rate,Percent per Annum,5.630000
2006-04-01,UGX per USD (Period Average),Exchange Rate,UGX per USD,1827.481111
2006-04-01,UGX per USD (Period End),Exchange Rate,UGX per USD,1834.200000
2006-05-01,Commercial Bank Deposit Rate (Shillings),Deposit Rate,Percent per Annum,8.050000
2006-05-01,Commercial Bank Lending Rate (Shillings),Lending Rate,Percent per Annum,18.230000
2006-05-01,Interbank Rate (Overall),Interbank Rate,Percent per Annum,8.180000
2006-05-01,UGX per USD (Period Average),Exchange Rate,UGX per USD,1836.341905
2006-05-01,UGX per USD (Period End),Exchange Rate,UGX per USD,1851.375000
2006-06-01,Commercial Bank Deposit Rate (Shillings),Deposit Rate,Percent per Annum,7.571176
2006-06-01,Commercial Bank Lending Rate (Shillings),Lending Rate,Percent per Annum,18.598721
2006-06-01,Interbank Rate (Overall),Interbank Rate,Percent per Annum,10.660000
2006-06-01,UGX per USD (Period Average),Exchange Rate,UGX per USD,1859.949286
2006-06-01,UGX per USD (Period End),Exchange Rate,UGX per USD,1862.295000
2006-07-01,Commercial Bank Deposit Rate (Shillings),Deposit Rate,Percent per Annum,10.022630
2006-07-01,Commercial Bank Lending Rate (Shillings),Lending Rate,Percent per Annum,18.210089
2006-07-01,Interbank Rate (Overall),Interbank Rate,Percent per Annum,9.540000
2006-07-01,UGX per USD (Period Average),Exchange Rate,UGX per USD,1857.716429
2006-07-01,UGX per USD (Period End),Exchange Rate,UGX per USD,1855.885000
2006-08-01,Commercial Bank Deposit Rate (Shillings),Deposit Rate,Percent per Annum,9.043000
2006-08-01,Commercial Bank Lending Rate (Shillings),Lending Rate,Percent per Annum,18.174000
2006-08-01,Interbank Rate (Overall),Interbank Rate,Percent per Annum,8.240000
2006-08-01,UGX per USD (Period Average),Exchange Rate,UGX per USD,1847.739674
2006-08-01,UGX per USD (Period End),Exchange Rate,UGX per USD,1853.125000
2006-09-01,Commercial Bank Deposit Rate (Shillings),Deposit Rate,Percent per Annum,9.984000
2006-09-01,Commercial Bank Lending Rate (Shillings),Lending Rate,Percent per Annum,19.176000
2006-09-01,Interbank Rate (Overall),Interbank Rate,Percent per Annum,6.470000
2006-09-01,UGX per USD (Period Average),Exchange Rate,UGX per USD,1854.676667
2006-09-01,UGX per USD (Period End),Exchange Rate,UGX per USD,1861.085000
2006-10-01,Commercial Bank Deposit Rate (Shillings),Deposit Rate,Percent per Annum,8.927000
2006-10-01,Commercial Bank Lending Rate (Shillings),Lending Rate,Percent per Annum,18.671000
2006-10-01,Interbank Rate (Overall),Interbank Rate,Percent per Annum,6.620000
2006-10-01,UGX per USD (Period Average),Exchange Rate,UGX per USD,1843.426500
2006-10-01,UGX per USD (Period End),Exchange Rate,UGX per USD,1819.765000
2006-11-01,Commercial Bank Deposit Rate (Shillings),Deposit Rate,Percent per Annum,17.890714
2006-11-01,Commercial Bank Lending Rate (Shillings),Lending Rate,Percent per Annum,17.890714
2006-11-01,Interbank Rate (Overall),Interbank Rate,Percent per Annum,7.880000
2006-11-01,UGX per USD (Period Average),Exchange Rate,UGX per USD,1818.851364
2006-11-01,UGX per USD (Period End),Exchange Rate,UGX per USD,1808.520000
2006-12-01,Commercial Bank Deposit Rate (Shillings),Deposit Rate,Percent per Annum,9.120437
2006-12-01,Commercial Bank Lending Rate (Shillings),Lending Rate,Percent per Annum,18.908789
2006-12-01,Interbank Rate (Overall),Interbank Rate,Percent per Annum,9.930000
2006-12-01,UGX per USD (Period Average),Exchange Rate,UGX per USD,1775.333158
2006-12-01,UGX per USD (Period End),Exchange Rate,UGX per USD,1741.440000
2007-01-01,Commercial Bank Deposit Rate (Shillings),Deposit Rate,Percent per Annum,8.802521
2007-01-01,Commercial Bank Lending Rate (Shillings),Lending Rate,Percent per Annum,18.925328
2007-01-01,Interbank Rate (Overall),Interbank Rate,Percent per Annum,9.850000
2007-01-01,UGX per USD (Period Average),Exchange Rate,UGX per USD,1792.278810
2007-01-01,UGX per USD (Period End),Exchange Rate,UGX per USD,1759.530000
2007-02-01,Commercial Bank Deposit Rate (Shillings),Deposit Rate,Percent per Annum,10.440750
2007-02-01,Commercial Bank Lending Rate (Shillings),Lending Rate,Percent per Annum,18.826364
2007-02-01,Interbank Rate (Overall),Interbank Rate,Percent per Annum,8.050000
2007-02-01,UGX per USD (Period Average),Exchange Rate,UGX per USD,1751.682750
2007-02-01,UGX per USD (Period End),Exchange Rate,UGX per USD,1735.330000
2007-03-01,Commercial Bank Deposit Rate (Shillings),Deposit Rate,Percent per Annum,9.257002
2007-03-01,Commercial Bank Lending Rate (Shillings),Lending Rate,Percent per Annum,19.166218
2007-03-01,Interbank Rate (Overall),Interbank Rate,Percent per Annum,10.350000
2007-03-01,UGX per USD (Period Average),Exchange Rate,UGX per USD,1750.676429
2007-03-01,UGX per USD (Period End),Exchange Rate,UGX per USD,1746.560000
2007-04-01,Commercial Bank Deposit Rate (Shillings),Deposit Rate,Percent per Annum,8.102942
2007-04-01,Commercial Bank Lending Rate (Shillings),Lending Rate,Percent per Annum,18.850528
2007-04-01,Interbank Rate (Overall),Interbank Rate,Percent per Annum,7.160000
2007-04-01,UGX per USD (Period Average),Exchange Rate,UGX per USD,1728.890789
2007-04-01,UGX per USD (Period End),Exchange Rate,UGX per USD,1726.725000
2007-05-01,Commercial Bank Deposit Rate (Shillings),Deposit Rate,Percent per Annum,9.568009
2007-05-01,Commercial Bank Lending Rate (Shillings),Lending Rate,Percent per Annum,19.698865
2007-05-01,Interbank Rate (Overall),Interbank Rate,Percent per Annum,6.430000
2007-05-01,UGX per USD (Period Average),Exchange Rate,UGX per USD,1695.152727
2007-05-01,UGX per USD (Period End),Exchange Rate,UGX per USD,1693.085000
2007-06-01,Commercial Bank Deposit Rate (Shillings),Deposit Rate,Percent per Annum,9.802000
2007-06-01,Commercial Bank Lending Rate (Shillings),Lending Rate,Percent per Annum,19.384000
2007-06-01,Interbank Rate (Overall),Interbank Rate,Percent per Annum,9.560000
2007-06-01,UGX per USD (Period Average),Exchange Rate,UGX per USD,1643.573333
2007-06-01,UGX per USD (Period End),Exchange Rate,UGX per USD,1590.130000
2007-07-01,Commercial Bank Deposit Rate (Shillings),Deposit Rate,Percent per Annum,8.308292
2007-07-01,Commercial Bank Lending Rate (Shillings),Lending Rate,Percent per Annum,19.411565
2007-07-01,Interbank Rate (Overall),Interbank Rate,Percent per Annum,6.570000
2007-07-01,UGX per USD (Period Average),Exchange Rate,UGX per USD,1652.869773
2007-07-01,UGX per USD (Period End),Exchange Rate,UGX per USD,1661.500000
2007-08-01,Commercial Bank Deposit Rate (Shillings),Deposit Rate,Percent per Annum,8.961766
2007-08-01,Commercial Bank Lending Rate (Shillings),Lending Rate,Percent per Annum,19.675384
2007-08-01,Interbank Rate (Overall),Interbank Rate,Percent per Annum,6.290000
2007-08-01,UGX per USD (Period Average),Exchange Rate,UGX per USD,1737.430435
2007-08-01,UGX per USD (Period End),Exchange Rate,UGX per USD,1785.415000
2007-09-01,Commercial Bank Deposit Rate (Shillings),Deposit Rate,Percent per Annum,8.998000
2007-09-01,Commercial Bank Lending Rate (Shillings),Lending Rate,Percent per Annum,18.978738
2007-09-01,Interbank Rate (Overall),Interbank Rate,Percent per Annum,6.090000
2007-09-01,UGX per USD (Period Average),Exchange Rate,UGX per USD,1762.830250
2007-09-01,UGX per USD (Period End),Exchange Rate,UGX per USD,1752.090000
2007-10-01,Commercial Bank Deposit Rate (Shillings),Deposit Rate,Percent per Annum,9.030000
2007-10-01,Commercial Bank Lending Rate (Shillings),Lending Rate,Percent per Annum,19.859366
2007-10-01,Interbank Rate (Overall),Interbank Rate,Percent per Annum,5.760000
2007-10-01,UGX per USD (Period Average),Exchange Rate,UGX per USD,1747.171667
2007-10-01,UGX per USD (Period End),Exchange Rate,UGX per USD,1735.450000
2007-11-01,Commercial Bank Deposit Rate (Shillings),Deposit Rate,Percent per Annum,9.790000
2007-11-01,Commercial Bank Lending Rate (Shillings),Lending Rate,Percent per Annum,18.288255
2007-11-01,Interbank Rate (Overall),Interbank Rate,Percent per Annum,5.800000
2007-11-01,UGX per USD (Period Average),Exchange Rate,UGX per USD,1707.728750
2007-11-01,UGX per USD (Period End),Exchange Rate,UGX per USD,1738.685000
2007-12-01,Commercial Bank Deposit Rate (Shillings),Deposit Rate,Percent per Annum,10.083855
2007-12-01,Commercial Bank Lending Rate (Shillings),Lending Rate,Percent per Annum,18.204864
2007-12-01,Interbank Rate (Overall),Interbank Rate,Percent per Annum,7.910000
2007-12-01,UGX per USD (Period Average),Exchange Rate,UGX per USD,1711.613333
2007-12-01,UGX per USD (Period End),Exchange Rate,UGX per USD,1697.340000
2008-01-01,Commercial Bank Deposit Rate (Shillings),Deposit Rate,Percent per Annum,11.000000
2008-01-01,Commercial Bank Lending Rate (Shillings),Lending Rate,Percent per Annum,19.400000
2008-01-01,Interbank Rate (Overall),Interbank Rate,Percent per Annum,10.450000
2008-01-01,UGX per USD (Period Average),Exchange Rate,UGX per USD,1710.585682
2008-01-01,UGX per USD (Period End),Exchange Rate,UGX per USD,1726.045000
2008-02-01,Commercial Bank Deposit Rate (Shillings),Deposit Rate,Percent per Annum,11.080000
2008-02-01,Commercial Bank Lending Rate (Shillings),Lending Rate,Percent per Annum,19.480000
2008-02-01,Interbank Rate (Overall),Interbank Rate,Percent per Annum,7.800000
2008-02-01,UGX per USD (Period Average),Exchange Rate,UGX per USD,1707.829762
2008-02-01,UGX per USD (Period End),Exchange Rate,UGX per USD,1692.180000
2008-03-01,Commercial Bank Deposit Rate (Shillings),Deposit Rate,Percent per Annum,9.981000
2008-03-01,Commercial Bank Lending Rate (Shillings),Lending Rate,Percent per Annum,20.084000
2008-03-01,Interbank Rate (Overall),Interbank Rate,Percent per Annum,10.350000
2008-03-01,UGX per USD (Period Average),Exchange Rate,UGX per USD,1684.255526
2008-03-01,UGX per USD (Period End),Exchange Rate,UGX per USD,1693.515000
2008-04-01,Commercial Bank Deposit Rate (Shillings),Deposit Rate,Percent per Annum,11.030000
2008-04-01,Commercial Bank Lending Rate (Shillings),Lending Rate,Percent per Annum,21.219000
2008-04-01,Interbank Rate (Overall),Interbank Rate,Percent per Annum,10.340000
2008-04-01,UGX per USD (Period Average),Exchange Rate,UGX per USD,1686.683409
2008-04-01,UGX per USD (Period End),Exchange Rate,UGX per USD,1681.845000
2008-05-01,Commercial Bank Deposit Rate (Shillings),Deposit Rate,Percent per Annum,11.541000
2008-05-01,Commercial Bank Lending Rate (Shillings),Lending Rate,Percent per Annum,19.920000
2008-05-01,Interbank Rate (Overall),Interbank Rate,Percent per Annum,7.670000
2008-05-01,UGX per USD (Period Average),Exchange Rate,UGX per USD,1647.680714
2008-05-01,UGX per USD (Period End),Exchange Rate,UGX per USD,1628.240000
2008-06-01,Commercial Bank Deposit Rate (Shillings),Deposit Rate,Percent per Annum,10.852000
2008-06-01,Commercial Bank Lending Rate (Shillings),Lending Rate,Percent per Annum,20.179628
2008-06-01,Interbank Rate (Overall),Interbank Rate,Percent per Annum,11.820000
2008-06-01,UGX per USD (Period Average),Exchange Rate,UGX per USD,1600.739737
2008-06-01,UGX per USD (Period End),Exchange Rate,UGX per USD,1619.480000
2008-07-01,Commercial Bank Deposit Rate (Shillings),Deposit Rate,Percent per Annum,10.852296
2008-07-01,Commercial Bank Lending Rate (Shillings),Lending Rate,Percent per Annum,22.007714
2008-07-01,Interbank Rate (Overall),Interbank Rate,Percent per Annum,11.460000
2008-07-01,UGX per USD (Period Average),Exchange Rate,UGX per USD,1633.940217
2008-07-01,UGX per USD (Period End),Exchange Rate,UGX per USD,1640.665000
2008-08-01,Commercial Bank Deposit Rate (Shillings),Deposit Rate,Percent per Annum,10.852296
2008-08-01,Commercial Bank Lending Rate (Shillings),Lending Rate,Percent per Annum,23.338547
2008-08-01,Interbank Rate (Overall),Interbank Rate,Percent per Annum,6.360000
2008-08-01,UGX per USD (Period Average),Exchange Rate,UGX per USD,1623.619048
2008-08-01,UGX per USD (Period End),Exchange Rate,UGX per USD,1644.985000
2008-09-01,Commercial Bank Deposit Rate (Shillings),Deposit Rate,Percent per Annum,9.075475
2008-09-01,Commercial Bank Lending Rate (Shillings),Lending Rate,Percent per Annum,21.228271
2008-09-01,Interbank Rate (Overall),Interbank Rate,Percent per Annum,6.380000
2008-09-01,UGX per USD (Period Average),Exchange Rate,UGX per USD,1645.010750
2008-09-01,UGX per USD (Period End),Exchange Rate,UGX per USD,1670.045000
2008-10-01,Commercial Bank Deposit Rate (Shillings),Deposit Rate,Percent per Annum,8.662367
2008-10-01,Commercial Bank Lending Rate (Shillings),Lending Rate,Percent per Annum,20.163633
2008-10-01,Interbank Rate (Overall),Interbank Rate,Percent per Annum,10.460000
2008-10-01,UGX per USD (Period Average),Exchange Rate,UGX per USD,1838.662955
2008-10-01,UGX per USD (Period End),Exchange Rate,UGX per USD,1880.990000
2008-11-01,Commercial Bank Deposit Rate (Shillings),Deposit Rate,Percent per Annum,11.500000
2008-11-01,Commercial Bank Lending Rate (Shillings),Lending Rate,Percent per Annum,19.380000
2008-11-01,Interbank Rate (Overall),Interbank Rate,Percent per Annum,6.850000
2008-11-01,UGX per USD (Period Average),Exchange Rate,UGX per USD,1910.130000
2008-11-01,UGX per USD (Period End),Exchange Rate,UGX per USD,1973.895000
2008-12-01,Commercial Bank Deposit Rate (Shillings),Deposit Rate,Percent per Annum,11.620000
2008-12-01,Commercial Bank Lending Rate (Shillings),Lending Rate,Percent per Annum,19.000000
2008-12-01,Interbank Rate (Overall),Interbank Rate,Percent per Annum,7.850000
2008-12-01,UGX per USD (Period Average),Exchange Rate,UGX per USD,1956.188750
2008-12-01,UGX per USD (Period End),Exchange Rate,UGX per USD,1949.180000
2009-01-01,Commercial Bank Deposit Rate (Shillings),Deposit Rate,Percent per Annum,11.230000
2009-01-01,Commercial Bank Lending Rate (Shillings),Lending Rate,Percent per Annum,18.923776
2009-01-01,Interbank Rate (Overall),Interbank Rate,Percent per Annum,13.780000
2009-01-01,UGX per USD (Period Average),Exchange Rate,UGX per USD,1975.970000
2009-01-01,UGX per USD (Period End),Exchange Rate,UGX per USD,1977.495000
2009-02-01,Commercial Bank Deposit Rate (Shillings),Deposit Rate,Percent per Annum,10.660916
2009-02-01,Commercial Bank Lending Rate (Shillings),Lending Rate,Percent per Annum,20.697981
2009-02-01,Interbank Rate (Overall),Interbank Rate,Percent per Annum,8.890000
2009-02-01,UGX per USD (Period Average),Exchange Rate,UGX per USD,1964.832750
2009-02-01,UGX per USD (Period End),Exchange Rate,UGX per USD,1980.005000
2009-03-01,Commercial Bank Deposit Rate (Shillings),Deposit Rate,Percent per Annum,8.970490
2009-03-01,Commercial Bank Lending Rate (Shillings),Lending Rate,Percent per Annum,20.970277
2009-03-01,Interbank Rate (Overall),Interbank Rate,Percent per Annum,3.420000
2009-03-01,UGX per USD (Period Average),Exchange Rate,UGX per USD,2051.545227
2009-03-01,UGX per USD (Period End),Exchange Rate,UGX per USD,2118.410000
2009-04-01,Commercial Bank Deposit Rate (Shillings),Deposit Rate,Percent per Annum,9.814914
2009-04-01,Commercial Bank Lending Rate (Shillings),Lending Rate,Percent per Annum,21.435496
2009-04-01,Interbank Rate (Overall),Interbank Rate,Percent per Annum,3.774218
2009-04-01,UGX per USD (Period Average),Exchange Rate,UGX per USD,2175.610250
2009-04-01,UGX per USD (Period End),Exchange Rate,UGX per USD,2226.735000
2009-05-01,Commercial Bank Deposit Rate (Shillings),Deposit Rate,Percent per Annum,8.707128
2009-05-01,Commercial Bank Lending Rate (Shillings),Lending Rate,Percent per Annum,22.196825
2009-05-01,Interbank Rate (Overall),Interbank Rate,Percent per Annum,8.080000
2009-05-01,UGX per USD (Period Average),Exchange Rate,UGX per USD,2247.682500
2009-05-01,UGX per USD (Period End),Exchange Rate,UGX per USD,2234.275000
2009-06-01,Commercial Bank Deposit Rate (Shillings),Deposit Rate,Percent per Annum,10.719177
2009-06-01,Commercial Bank Lending Rate (Shillings),Lending Rate,Percent per Annum,21.795670
2009-06-01,Interbank Rate (Overall),Interbank Rate,Percent per Annum,6.850000
2009-06-01,UGX per USD (Period Average),Exchange Rate,UGX per USD,2137.179500
2009-06-01,UGX per USD (Period End),Exchange Rate,UGX per USD,2064.075000
2009-07-01,Commercial Bank Deposit Rate (Shillings),Deposit Rate,Percent per Annum,10.761864
2009-07-01,Commercial Bank Lending Rate (Shillings),Lending Rate,Percent per Annum,21.000000
2009-07-01,Interbank Rate (Overall),Interbank Rate,Percent per Annum,9.999885
2009-07-01,UGX per USD (Period Average),Exchange Rate,UGX per USD,2110.766304
2009-07-01,UGX per USD (Period End),Exchange Rate,UGX per USD,2104.490000
2009-08-01,Commercial Bank Deposit Rate (Shillings),Deposit Rate,Percent per Annum,10.130182
2009-08-01,Commercial Bank Lending Rate (Shillings),Lending Rate,Percent per Annum,21.753907
2009-08-01,Interbank Rate (Overall),Interbank Rate,Percent per Annum,9.710443
2009-08-01,UGX per USD (Period Average),Exchange Rate,UGX per USD,2071.668810
2009-08-01,UGX per USD (Period End),Exchange Rate,UGX per USD,2055.495000
2009-09-01,Commercial Bank Deposit Rate (Shillings),Deposit Rate,Percent per Annum,8.492879
2009-09-01,Commercial Bank Lending Rate (Shillings),Lending Rate,Percent per Annum,20.690000
2009-09-01,Interbank Rate (Overall),Interbank Rate,Percent per Annum,4.259657
2009-09-01,UGX per USD (Period Average),Exchange Rate,UGX per USD,1961.903636
2009-09-01,UGX per USD (Period End),Exchange Rate,UGX per USD,1923.985000
2009-10-01,Commercial Bank Deposit Rate (Shillings),Deposit Rate,Percent per Annum,9.500115
2009-10-01,Commercial Bank Lending Rate (Shillings),Lending Rate,Percent per Annum,20.417705
2009-10-01,Interbank Rate (Overall),Interbank Rate,Percent per Annum,4.120000
2009-10-01,UGX per USD (Period Average),Exchange Rate,UGX per USD,1898.282619
2009-10-01,UGX per USD (Period End),Exchange Rate,UGX per USD,1883.795000
2009-11-01,Commercial Bank Deposit Rate (Shillings),Deposit Rate,Percent per Annum,8.807907
2009-11-01,Commercial Bank Lending Rate (Shillings),Lending Rate,Percent per Annum,21.574209
2009-11-01,Interbank Rate (Overall),Interbank Rate,Percent per Annum,3.660000
2009-11-01,UGX per USD (Period Average),Exchange Rate,UGX per USD,1873.778250
2009-11-01,UGX per USD (Period End),Exchange Rate,UGX per USD,1870.735000
2009-12-01,Commercial Bank Deposit Rate (Shillings),Deposit Rate,Percent per Annum,9.234541
2009-12-01,Commercial Bank Lending Rate (Shillings),Lending Rate,Percent per Annum,20.006144
2009-12-01,Interbank Rate (Overall),Interbank Rate,Percent per Annum,3.460000
2009-12-01,UGX per USD (Period Average),Exchange Rate,UGX per USD,1896.637045
2009-12-01,UGX per USD (Period End),Exchange Rate,UGX per USD,1899.710000
2010-01-01,Commercial Bank Deposit Rate (Shillings),Deposit Rate,Percent per Annum,9.282291
2010-01-01,Commercial Bank Lending Rate (Shillings),Lending Rate,Percent per Annum,19.571214
2010-01-01,Interbank Rate (Overall),Interbank Rate,Percent per Annum,3.650223
2010-01-01,UGX per USD (Period Average),Exchange Rate,UGX per USD,1935.626053
2010-01-01,UGX per USD (Period End),Exchange Rate,UGX per USD,1949.165000
2010-02-01,Commercial Bank Deposit Rate (Shillings),Deposit Rate,Percent per Annum,8.422007
2010-02-01,Commercial Bank Lending Rate (Shillings),Lending Rate,Percent per Annum,20.193495
2010-02-01,Interbank Rate (Overall),Interbank Rate,Percent per Annum,3.599031
2010-02-01,UGX per USD (Period Average),Exchange Rate,UGX per USD,1996.536000
2010-02-01,UGX per USD (Period End),Exchange Rate,UGX per USD,2045.440000
2010-03-01,Commercial Bank Deposit Rate (Shillings),Deposit Rate,Percent per Annum,7.698743
2010-03-01,Commercial Bank Lending Rate (Shillings),Lending Rate,Percent per Annum,21.128754
2010-03-01,Interbank Rate (Overall),Interbank Rate,Percent per Annum,3.393061
2010-03-01,UGX per USD (Period Average),Exchange Rate,UGX per USD,2086.366364
2010-03-01,UGX per USD (Period End),Exchange Rate,UGX per USD,2084.345000
2010-04-01,Commercial Bank Deposit Rate (Shillings),Deposit Rate,Percent per Annum,7.764620
2010-04-01,Commercial Bank Lending Rate (Shillings),Lending Rate,Percent per Annum,21.953187
2010-04-01,Interbank Rate (Overall),Interbank Rate,Percent per Annum,3.273751
2010-04-01,UGX per USD (Period Average),Exchange Rate,UGX per USD,2083.004000
2010-04-01,UGX per USD (Period End),Exchange Rate,UGX per USD,2123.255000
2010-05-01,Commercial Bank Deposit Rate (Shillings),Deposit Rate,Percent per Annum,7.495561
2010-05-01,Commercial Bank Lending Rate (Shillings),Lending Rate,Percent per Annum,20.612445
2010-05-01,Interbank Rate (Overall),Interbank Rate,Percent per Annum,2.744997
2010-05-01,UGX per USD (Period Average),Exchange Rate,UGX per USD,2174.568333
2010-05-01,UGX per USD (Period End),Exchange Rate,UGX per USD,2208.915000
2010-06-01,Commercial Bank Deposit Rate (Shillings),Deposit Rate,Percent per Annum,7.252015
2010-06-01,Commercial Bank Lending Rate (Shillings),Lending Rate,Percent per Annum,20.065177
2010-06-01,Interbank Rate (Overall),Interbank Rate,Percent per Annum,2.651020
2010-06-01,UGX per USD (Period Average),Exchange Rate,UGX per USD,2257.436000
2010-06-01,UGX per USD (Period End),Exchange Rate,UGX per USD,2283.335000
2010-07-01,Commercial Bank Deposit Rate (Shillings),Deposit Rate,Percent per Annum,7.105614
2010-07-01,Commercial Bank Lending Rate (Shillings),Lending Rate,Percent per Annum,19.566640
2010-07-01,Interbank Rate (Overall),Interbank Rate,Percent per Annum,2.830000
2010-07-01,UGX per USD (Period Average),Exchange Rate,UGX per USD,2257.286364
2010-07-01,UGX per USD (Period End),Exchange Rate,UGX per USD,2231.575000
2010-08-01,Commercial Bank Deposit Rate (Shillings),Deposit Rate,Percent per Annum,6.795344
2010-08-01,Commercial Bank Lending Rate (Shillings),Lending Rate,Percent per Annum,20.320326
2010-08-01,Interbank Rate (Overall),Interbank Rate,Percent per Annum,3.040000
2010-08-01,UGX per USD (Period Average),Exchange Rate,UGX per USD,2230.940714
2010-08-01,UGX per USD (Period End),Exchange Rate,UGX per USD,2270.000000
2010-09-01,Commercial Bank Deposit Rate (Shillings),Deposit Rate,Percent per Annum,5.427142
2010-09-01,Commercial Bank Lending Rate (Shillings),Lending Rate,Percent per Annum,18.819123
2010-09-01,Interbank Rate (Overall),Interbank Rate,Percent per Annum,3.020000
2010-09-01,UGX per USD (Period Average),Exchange Rate,UGX per USD,2251.303095
2010-09-01,UGX per USD (Period End),Exchange Rate,UGX per USD,2244.080000
2010-10-01,Commercial Bank Deposit Rate (Shillings),Deposit Rate,Percent per Annum,7.616824
2010-10-01,Commercial Bank Lending Rate (Shillings),Lending Rate,Percent per Annum,20.007090
2010-10-01,Interbank Rate (Overall),Interbank Rate,Percent per Annum,3.890000
2010-10-01,UGX per USD (Period Average),Exchange Rate,UGX per USD,2264.820954
2010-10-01,UGX per USD (Period End),Exchange Rate,UGX per USD,2284.720000
2010-11-01,Commercial Bank Deposit Rate (Shillings),Deposit Rate,Percent per Annum,7.610000
2010-11-01,Commercial Bank Lending Rate (Shillings),Lending Rate,Percent per Annum,20.143627
2010-11-01,Interbank Rate (Overall),Interbank Rate,Percent per Annum,4.790000
2010-11-01,UGX per USD (Period Average),Exchange Rate,UGX per USD,2288.872857
2010-11-01,UGX per USD (Period End),Exchange Rate,UGX per USD,2313.665000
2010-12-01,Commercial Bank Deposit Rate (Shillings),Deposit Rate,Percent per Annum,9.777151
2010-12-01,Commercial Bank Lending Rate (Shillings),Lending Rate,Percent per Annum,19.714484
2010-12-01,Interbank Rate (Overall),Interbank Rate,Percent per Annum,5.360000
2010-12-01,UGX per USD (Period Average),Exchange Rate,UGX per USD,2303.929348
2010-12-01,UGX per USD (Period End),Exchange Rate,UGX per USD,2308.300000
2011-01-01,Commercial Bank Deposit Rate (Shillings),Deposit Rate,Percent per Annum,7.963667
2011-01-01,Commercial Bank Lending Rate (Shillings),Lending Rate,Percent per Annum,20.090000
2011-01-01,Interbank Rate (Overall),Interbank Rate,Percent per Annum,9.250000
2011-01-01,UGX per USD (Period Average),Exchange Rate,UGX per USD,2333.135000
2011-01-01,UGX per USD (Period End),Exchange Rate,UGX per USD,2302.710000
2011-02-01,Commercial Bank Deposit Rate (Shillings),Deposit Rate,Percent per Annum,9.993311
2011-02-01,Commercial Bank Lending Rate (Shillings),Lending Rate,Percent per Annum,19.577400
2011-02-01,Interbank Rate (Overall),Interbank Rate,Percent per Annum,7.955900
2011-02-01,UGX per USD (Period Average),Exchange Rate,UGX per USD,2341.927222
2011-02-01,UGX per USD (Period End),Exchange Rate,UGX per USD,2359.245000
2011-03-01,Commercial Bank Deposit Rate (Shillings),Deposit Rate,Percent per Annum,9.677333
2011-03-01,Commercial Bank Lending Rate (Shillings),Lending Rate,Percent per Annum,19.965182
2011-03-01,Interbank Rate (Overall),Interbank Rate,Percent per Annum,7.937635
2011-03-01,UGX per USD (Period Average),Exchange Rate,UGX per USD,2393.313048
2011-03-01,UGX per USD (Period End),Exchange Rate,UGX per USD,2397.290000
2011-04-01,Commercial Bank Deposit Rate (Shillings),Deposit Rate,Percent per Annum,10.778488
2011-04-01,Commercial Bank Lending Rate (Shillings),Lending Rate,Percent per Annum,19.971937
2011-04-01,Interbank Rate (Overall),Interbank Rate,Percent per Annum,9.415285
2011-04-01,UGX per USD (Period Average),Exchange Rate,UGX per USD,2367.589211
2011-04-01,UGX per USD (Period End),Exchange Rate,UGX per USD,2374.990000
2011-05-01,Commercial Bank Deposit Rate (Shillings),Deposit Rate,Percent per Annum,10.422231
2011-05-01,Commercial Bank Lending Rate (Shillings),Lending Rate,Percent per Annum,19.867241
2011-05-01,Interbank Rate (Overall),Interbank Rate,Percent per Annum,7.795970
2011-05-01,UGX per USD (Period Average),Exchange Rate,UGX per USD,2387.684048
2011-05-01,UGX per USD (Period End),Exchange Rate,UGX per USD,2390.365000
2011-06-01,Commercial Bank Deposit Rate (Shillings),Deposit Rate,Percent per Annum,11.014643
2011-06-01,Commercial Bank Lending Rate (Shillings),Lending Rate,Percent per Annum,19.936840
2011-06-01,Interbank Rate (Overall),Interbank Rate,Percent per Annum,9.798678
2011-06-01,UGX per USD (Period Average),Exchange Rate,UGX per USD,2461.038500
2011-06-01,UGX per USD (Period End),Exchange Rate,UGX per USD,2623.165000
2011-07-01,Central Bank Rate,Policy Rate,Percent per Annum,13.000000
2011-07-01,Commercial Bank Deposit Rate (Shillings),Deposit Rate,Percent per Annum,12.985678
2011-07-01,Commercial Bank Lending Rate (Shillings),Lending Rate,Percent per Annum,21.724580
2011-07-01,Interbank Rate (Overall),Interbank Rate,Percent per Annum,13.200000
2011-07-01,UGX per USD (Period Average),Exchange Rate,UGX per USD,2587.228333
2011-07-01,UGX per USD (Period End),Exchange Rate,UGX per USD,2610.585000
2011-08-01,Central Bank Rate,Policy Rate,Percent per Annum,14.000000
2011-08-01,Commercial Bank Deposit Rate (Shillings),Deposit Rate,Percent per Annum,14.201893
2011-08-01,Commercial Bank Lending Rate (Shillings),Lending Rate,Percent per Annum,21.307544
2011-08-01,Interbank Rate (Overall),Interbank Rate,Percent per Annum,18.540000
2011-08-01,UGX per USD (Period Average),Exchange Rate,UGX per USD,2753.232727
2011-08-01,UGX per USD (Period End),Exchange Rate,UGX per USD,2821.130000
2011-09-01,Central Bank Rate,Policy Rate,Percent per Annum,16.000000
2011-09-01,Commercial Bank Deposit Rate (Shillings),Deposit Rate,Percent per Annum,13.742208
2011-09-01,Commercial Bank Lending Rate (Shillings),Lending Rate,Percent per Annum,23.335952
2011-09-01,Interbank Rate (Overall),Interbank Rate,Percent per Annum,19.680000
2011-09-01,UGX per USD (Period Average),Exchange Rate,UGX per USD,2814.018768
2011-09-01,UGX per USD (Period End),Exchange Rate,UGX per USD,2845.033400
2011-10-01,Central Bank Rate,Policy Rate,Percent per Annum,20.000000
2011-10-01,Commercial Bank Deposit Rate (Shillings),Deposit Rate,Percent per Annum,15.803872
2011-10-01,Commercial Bank Lending Rate (Shillings),Lending Rate,Percent per Annum,23.549592
2011-10-01,Interbank Rate (Overall),Interbank Rate,Percent per Annum,23.390000
2011-10-01,UGX per USD (Period Average),Exchange Rate,UGX per USD,2805.365975
2011-10-01,UGX per USD (Period End),Exchange Rate,UGX per USD,2593.400000
2011-11-01,Central Bank Rate,Policy Rate,Percent per Annum,23.000000
2011-11-01,Commercial Bank Deposit Rate (Shillings),Deposit Rate,Percent per Annum,19.683964
2011-11-01,Commercial Bank Lending Rate (Shillings),Lending Rate,Percent per Annum,25.967982
2011-11-01,Interbank Rate (Overall),Interbank Rate,Percent per Annum,23.830000
2011-11-01,UGX per USD (Period Average),Exchange Rate,UGX per USD,2582.177273
2011-11-01,UGX per USD (Period End),Exchange Rate,UGX per USD,2566.235000
2011-12-01,Central Bank Rate,Policy Rate,Percent per Annum,23.000000
2011-12-01,Commercial Bank Deposit Rate (Shillings),Deposit Rate,Percent per Annum,23.854807
2011-12-01,Commercial Bank Lending Rate (Shillings),Lending Rate,Percent per Annum,26.705520
2011-12-01,Interbank Rate (Overall),Interbank Rate,Percent per Annum,26.680000
2011-12-01,UGX per USD (Period Average),Exchange Rate,UGX per USD,2446.914286
2011-12-01,UGX per USD (Period End),Exchange Rate,UGX per USD,2490.990000
2012-01-01,Central Bank Rate,Policy Rate,Percent per Annum,23.000000
2012-01-01,Commercial Bank Deposit Rate (Shillings),Deposit Rate,Percent per Annum,21.230449
2012-01-01,Commercial Bank Lending Rate (Shillings),Lending Rate,Percent per Annum,27.250648
2012-01-01,Interbank Rate (Overall),Interbank Rate,Percent per Annum,26.210000
2012-01-01,UGX per USD (Period Average),Exchange Rate,UGX per USD,2414.193095
2012-01-01,UGX per USD (Period End),Exchange Rate,UGX per USD,2326.830000
2012-02-01,Central Bank Rate,Policy Rate,Percent per Annum,22.000000
2012-02-01,Commercial Bank Deposit Rate (Shillings),Deposit Rate,Percent per Annum,19.783331
2012-02-01,Commercial Bank Lending Rate (Shillings),Lending Rate,Percent per Annum,26.825508
2012-02-01,Interbank Rate (Overall),Interbank Rate,Percent per Annum,19.230000
2012-02-01,UGX per USD (Period Average),Exchange Rate,UGX per USD,2327.969286
2012-02-01,UGX per USD (Period End),Exchange Rate,UGX per USD,2372.520000
2012-03-01,Central Bank Rate,Policy Rate,Percent per Annum,21.000000
2012-03-01,Commercial Bank Deposit Rate (Shillings),Deposit Rate,Percent per Annum,19.958151
2012-03-01,Commercial Bank Lending Rate (Shillings),Lending Rate,Percent per Annum,27.579144
2012-03-01,Interbank Rate (Overall),Interbank Rate,Percent per Annum,21.846813
2012-03-01,UGX per USD (Period Average),Exchange Rate,UGX per USD,2485.018095
2012-03-01,UGX per USD (Period End),Exchange Rate,UGX per USD,2518.440000
2012-04-01,Central Bank Rate,Policy Rate,Percent per Annum,21.000000
2012-04-01,Commercial Bank Deposit Rate (Shillings),Deposit Rate,Percent per Annum,20.620391
2012-04-01,Commercial Bank Lending Rate (Shillings),Lending Rate,Percent per Annum,26.142996
2012-04-01,Interbank Rate (Overall),Interbank Rate,Percent per Annum,21.290000
2012-04-01,UGX per USD (Period Average),Exchange Rate,UGX per USD,2506.212632
2012-04-01,UGX per USD (Period End),Exchange Rate,UGX per USD,2505.735000
2012-05-01,Central Bank Rate,Policy Rate,Percent per Annum,21.000000
2012-05-01,Commercial Bank Deposit Rate (Shillings),Deposit Rate,Percent per Annum,18.965722
2012-05-01,Commercial Bank Lending Rate (Shillings),Lending Rate,Percent per Annum,26.656981
2012-05-01,Interbank Rate (Overall),Interbank Rate,Percent per Annum,18.697476
2012-05-01,UGX per USD (Period Average),Exchange Rate,UGX per USD,2479.052946
2012-05-01,UGX per USD (Period End),Exchange Rate,UGX per USD,2488.020000
2012-06-01,Central Bank Rate,Policy Rate,Percent per Annum,20.000000
2012-06-01,Commercial Bank Deposit Rate (Shillings),Deposit Rate,Percent per Annum,19.904115
2012-06-01,Commercial Bank Lending Rate (Shillings),Lending Rate,Percent per Annum,27.021703
2012-06-01,Interbank Rate (Overall),Interbank Rate,Percent per Annum,20.367796
2012-06-01,UGX per USD (Period Average),Exchange Rate,UGX per USD,2484.357619
2012-06-01,UGX per USD (Period End),Exchange Rate,UGX per USD,2472.360000
2012-07-01,Central Bank Rate,Policy Rate,Percent per Annum,19.000000
2012-07-01,Commercial Bank Deposit Rate (Shillings),Deposit Rate,Percent per Annum,17.768871
2012-07-01,Commercial Bank Lending Rate (Shillings),Lending Rate,Percent per Annum,26.880899
2012-07-01,Interbank Rate (Overall),Interbank Rate,Percent per Annum,15.993402
2012-07-01,UGX per USD (Period Average),Exchange Rate,UGX per USD,2474.180227
2012-07-01,UGX per USD (Period End),Exchange Rate,UGX per USD,2478.740000
2012-08-01,Central Bank Rate,Policy Rate,Percent per Annum,17.000000
2012-08-01,Commercial Bank Deposit Rate (Shillings),Deposit Rate,Percent per Annum,15.211888
2012-08-01,Commercial Bank Lending Rate (Shillings),Lending Rate,Percent per Annum,26.428353
2012-08-01,Interbank Rate (Overall),Interbank Rate,Percent per Annum,13.260000
2012-08-01,UGX per USD (Period Average),Exchange Rate,UGX per USD,2492.038129
2012-08-01,UGX per USD (Period End),Exchange Rate,UGX per USD,2508.525000
2012-09-01,Central Bank Rate,Policy Rate,Percent per Annum,15.000000
2012-09-01,Commercial Bank Deposit Rate (Shillings),Deposit Rate,Percent per Annum,11.865961
2012-09-01,Commercial Bank Lending Rate (Shillings),Lending Rate,Percent per Annum,25.657967
2012-09-01,Interbank Rate (Overall),Interbank Rate,Percent per Annum,10.960000
2012-09-01,UGX per USD (Period Average),Exchange Rate,UGX per USD,2515.877000
2012-09-01,UGX per USD (Period End),Exchange Rate,UGX per USD,2545.225000
2012-10-01,Central Bank Rate,Policy Rate,Percent per Annum,13.000000
2012-10-01,Commercial Bank Deposit Rate (Shillings),Deposit Rate,Percent per Annum,12.745188
2012-10-01,Commercial Bank Lending Rate (Shillings),Lending Rate,Percent per Annum,24.859941
2012-10-01,Interbank Rate (Overall),Interbank Rate,Percent per Annum,12.307010
2012-10-01,UGX per USD (Period Average),Exchange Rate,UGX per USD,2579.428113
2012-10-01,UGX per USD (Period End),Exchange Rate,UGX per USD,2585.405000
2012-11-01,Central Bank Rate,Policy Rate,Percent per Annum,12.500000
2012-11-01,Commercial Bank Deposit Rate (Shillings),Deposit Rate,Percent per Annum,10.809575
2012-11-01,Commercial Bank Lending Rate (Shillings),Lending Rate,Percent per Annum,23.726770
2012-11-01,Interbank Rate (Overall),Interbank Rate,Percent per Annum,10.153423
2012-11-01,UGX per USD (Period Average),Exchange Rate,UGX per USD,2622.952727
2012-11-01,UGX per USD (Period End),Exchange Rate,UGX per USD,2688.370000
2012-12-01,Central Bank Rate,Policy Rate,Percent per Annum,12.000000
2012-12-01,Commercial Bank Deposit Rate (Shillings),Deposit Rate,Percent per Annum,12.716013
2012-12-01,Commercial Bank Lending Rate (Shillings),Lending Rate,Percent per Annum,24.770653
2012-12-01,Interbank Rate (Overall),Interbank Rate,Percent per Annum,9.856384
2012-12-01,UGX per USD (Period Average),Exchange Rate,UGX per USD,2673.477062
2012-12-01,UGX per USD (Period End),Exchange Rate,UGX per USD,2685.945000
2013-01-01,Central Bank Rate,Policy Rate,Percent per Annum,12.000000
2013-01-01,Commercial Bank Deposit Rate (Shillings),Deposit Rate,Percent per Annum,13.542695
2013-01-01,Commercial Bank Lending Rate (Shillings),Lending Rate,Percent per Annum,24.224909
2013-01-01,Interbank Rate (Overall),Interbank Rate,Percent per Annum,9.158271
2013-01-01,UGX per USD (Period Average),Exchange Rate,UGX per USD,2683.789286
2013-01-01,UGX per USD (Period End),Exchange Rate,UGX per USD,2665.175000
2013-02-01,Central Bank Rate,Policy Rate,Percent per Annum,12.000000
2013-02-01,Commercial Bank Deposit Rate (Shillings),Deposit Rate,Percent per Annum,13.472834
2013-02-01,Commercial Bank Lending Rate (Shillings),Lending Rate,Percent per Annum,24.275379
2013-02-01,Interbank Rate (Overall),Interbank Rate,Percent per Annum,7.124183
2013-02-01,UGX per USD (Period Average),Exchange Rate,UGX per USD,2657.549303
2013-02-01,UGX per USD (Period End),Exchange Rate,UGX per USD,2643.675000
2013-03-01,Central Bank Rate,Policy Rate,Percent per Annum,12.000000
2013-03-01,Commercial Bank Deposit Rate (Shillings),Deposit Rate,Percent per Annum,12.104930
2013-03-01,Commercial Bank Lending Rate (Shillings),Lending Rate,Percent per Annum,23.999944
2013-03-01,Interbank Rate (Overall),Interbank Rate,Percent per Annum,8.646156
2013-03-01,UGX per USD (Period Average),Exchange Rate,UGX per USD,2636.891579
2013-03-01,UGX per USD (Period End),Exchange Rate,UGX per USD,2594.770000
2013-04-01,Central Bank Rate,Policy Rate,Percent per Annum,12.000000
2013-04-01,Commercial Bank Deposit Rate (Shillings),Deposit Rate,Percent per Annum,10.823262
2013-04-01,Commercial Bank Lending Rate (Shillings),Lending Rate,Percent per Annum,24.620000
2013-04-01,Interbank Rate (Overall),Interbank Rate,Percent per Annum,8.741000
2013-04-01,UGX per USD (Period Average),Exchange Rate,UGX per USD,2578.011693
2013-04-01,UGX per USD (Period End),Exchange Rate,UGX per USD,2597.345545
2013-05-01,Central Bank Rate,Policy Rate,Percent per Annum,12.000000
2013-05-01,Commercial Bank Deposit Rate (Shillings),Deposit Rate,Percent per Annum,12.171021
2013-05-01,Commercial Bank Lending Rate (Shillings),Lending Rate,Percent per Annum,23.451986
2013-05-01,Interbank Rate (Overall),Interbank Rate,Percent per Annum,9.040000
2013-05-01,UGX per USD (Period Average),Exchange Rate,UGX per USD,2586.113488
2013-05-01,UGX per USD (Period End),Exchange Rate,UGX per USD,2594.500232
2013-06-01,Central Bank Rate,Policy Rate,Percent per Annum,11.000000
2013-06-01,Commercial Bank Deposit Rate (Shillings),Deposit Rate,Percent per Annum,12.258972
2013-06-01,Commercial Bank Lending Rate (Shillings),Lending Rate,Percent per Annum,22.717512
2013-06-01,Interbank Rate (Overall),Interbank Rate,Percent per Annum,9.128700
2013-06-01,UGX per USD (Period Average),Exchange Rate,UGX per USD,2593.081506
2013-06-01,UGX per USD (Period End),Exchange Rate,UGX per USD,2593.331250
2013-07-01,Central Bank Rate,Policy Rate,Percent per Annum,11.000000
2013-07-01,Commercial Bank Deposit Rate (Shillings),Deposit Rate,Percent per Annum,11.723876
2013-07-01,Commercial Bank Lending Rate (Shillings),Lending Rate,Percent per Annum,23.145731
2013-07-01,Interbank Rate (Overall),Interbank Rate,Percent per Annum,9.510000
2013-07-01,UGX per USD (Period Average),Exchange Rate,UGX per USD,2588.900520
2013-07-01,UGX per USD (Period End),Exchange Rate,UGX per USD,2584.122443
2013-08-01,Central Bank Rate,Policy Rate,Percent per Annum,11.000000
2013-08-01,Commercial Bank Deposit Rate (Shillings),Deposit Rate,Percent per Annum,10.913452
2013-08-01,Commercial Bank Lending Rate (Shillings),Lending Rate,Percent per Annum,23.095785
2013-08-01,Interbank Rate (Overall),Interbank Rate,Percent per Annum,7.970000
2013-08-01,UGX per USD (Period Average),Exchange Rate,UGX per USD,2578.871508
2013-08-01,UGX per USD (Period End),Exchange Rate,UGX per USD,2590.188953
2013-09-01,Central Bank Rate,Policy Rate,Percent per Annum,12.000000
2013-09-01,Commercial Bank Deposit Rate (Shillings),Deposit Rate,Percent per Annum,11.995194
2013-09-01,Commercial Bank Lending Rate (Shillings),Lending Rate,Percent per Annum,22.515211
2013-09-01,Interbank Rate (Overall),Interbank Rate,Percent per Annum,8.751652
2013-09-01,UGX per USD (Period Average),Exchange Rate,UGX per USD,2568.864214
2013-09-01,UGX per USD (Period End),Exchange Rate,UGX per USD,2561.030000
2013-10-01,Central Bank Rate,Policy Rate,Percent per Annum,12.000000
2013-10-01,Commercial Bank Deposit Rate (Shillings),Deposit Rate,Percent per Annum,11.293350
2013-10-01,Commercial Bank Lending Rate (Shillings),Lending Rate,Percent per Annum,22.223299
2013-10-01,Interbank Rate (Overall),Interbank Rate,Percent per Annum,8.778000
2013-10-01,UGX per USD (Period Average),Exchange Rate,UGX per USD,2534.391844
2013-10-01,UGX per USD (Period End),Exchange Rate,UGX per USD,2524.035144
2013-11-01,Central Bank Rate,Policy Rate,Percent per Annum,12.000000
2013-11-01,Commercial Bank Deposit Rate (Shillings),Deposit Rate,Percent per Annum,12.469019
2013-11-01,Commercial Bank Lending Rate (Shillings),Lending Rate,Percent per Annum,22.698071
2013-11-01,Interbank Rate (Overall),Interbank Rate,Percent per Annum,8.890000
2013-11-01,UGX per USD (Period Average),Exchange Rate,UGX per USD,2523.272621
2013-11-01,UGX per USD (Period End),Exchange Rate,UGX per USD,2524.487697
2013-12-01,Central Bank Rate,Policy Rate,Percent per Annum,11.500000
2013-12-01,Commercial Bank Deposit Rate (Shillings),Deposit Rate,Percent per Annum,12.619468
2013-12-01,Commercial Bank Lending Rate (Shillings),Lending Rate,Percent per Annum,22.435045
2013-12-01,Interbank Rate (Overall),Interbank Rate,Percent per Annum,8.160000
2013-12-01,UGX per USD (Period Average),Exchange Rate,UGX per USD,2512.937261
2013-12-01,UGX per USD (Period End),Exchange Rate,UGX per USD,2527.955479
2014-01-01,Central Bank Rate,Policy Rate,Percent per Annum,11.500000
2014-01-01,Commercial Bank Deposit Rate (Shillings),Deposit Rate,Percent per Annum,11.365658
2014-01-01,Commercial Bank Lending Rate (Shillings),Lending Rate,Percent per Annum,21.924663
2014-01-01,Interbank Rate (Overall),Interbank Rate,Percent per Annum,8.940000
2014-01-01,UGX per USD (Period Average),Exchange Rate,UGX per USD,2499.903891
2014-01-01,UGX per USD (Period End),Exchange Rate,UGX per USD,2475.200000
2014-02-01,Central Bank Rate,Policy Rate,Percent per Annum,11.500000
2014-02-01,Commercial Bank Deposit Rate (Shillings),Deposit Rate,Percent per Annum,12.518013
2014-02-01,Commercial Bank Lending Rate (Shillings),Lending Rate,Percent per Annum,20.813422
2014-02-01,Interbank Rate (Overall),Interbank Rate,Percent per Annum,9.420000
2014-02-01,UGX per USD (Period Average),Exchange Rate,UGX per USD,2471.961790
2014-02-01,UGX per USD (Period End),Exchange Rate,UGX per USD,2538.065470
2014-03-01,Central Bank Rate,Policy Rate,Percent per Annum,11.500000
2014-03-01,Commercial Bank Deposit Rate (Shillings),Deposit Rate,Percent per Annum,12.399559
2014-03-01,Commercial Bank Lending Rate (Shillings),Lending Rate,Percent per Annum,21.870323
2014-03-01,Interbank Rate (Overall),Interbank Rate,Percent per Annum,9.760000
2014-03-01,UGX per USD (Period Average),Exchange Rate,UGX per USD,2534.215691
2014-03-01,UGX per USD (Period End),Exchange Rate,UGX per USD,2549.548746
2014-04-01,Central Bank Rate,Policy Rate,Percent per Annum,11.500000
2014-04-01,Commercial Bank Deposit Rate (Shillings),Deposit Rate,Percent per Annum,12.087425
2014-04-01,Commercial Bank Lending Rate (Shillings),Lending Rate,Percent per Annum,21.777661
2014-04-01,Interbank Rate (Overall),Interbank Rate,Percent per Annum,9.300000
2014-04-01,UGX per USD (Period Average),Exchange Rate,UGX per USD,2529.787007
2014-04-01,UGX per USD (Period End),Exchange Rate,UGX per USD,2521.351667
2014-05-01,Central Bank Rate,Policy Rate,Percent per Annum,11.500000
2014-05-01,Commercial Bank Deposit Rate (Shillings),Deposit Rate,Percent per Annum,11.363354
2014-05-01,Commercial Bank Lending Rate (Shillings),Lending Rate,Percent per Annum,21.892182
2014-05-01,Interbank Rate (Overall),Interbank Rate,Percent per Annum,8.900000
2014-05-01,UGX per USD (Period Average),Exchange Rate,UGX per USD,2532.385853
2014-05-01,UGX per USD (Period End),Exchange Rate,UGX per USD,2557.720607
2014-06-01,Central Bank Rate,Policy Rate,Percent per Annum,11.000000
2014-06-01,Commercial Bank Deposit Rate (Shillings),Deposit Rate,Percent per Annum,9.817534
2014-06-01,Commercial Bank Lending Rate (Shillings),Lending Rate,Percent per Annum,21.548103
2014-06-01,Interbank Rate (Overall),Interbank Rate,Percent per Annum,7.500000
2014-06-01,UGX per USD (Period Average),Exchange Rate,UGX per USD,2580.862271
2014-06-01,UGX per USD (Period End),Exchange Rate,UGX per USD,2599.680000
2014-07-01,Central Bank Rate,Policy Rate,Percent per Annum,11.000000
2014-07-01,Commercial Bank Deposit Rate (Shillings),Deposit Rate,Percent per Annum,10.397558
2014-07-01,Commercial Bank Lending Rate (Shillings),Lending Rate,Percent per Annum,21.559793
2014-07-01,Interbank Rate (Overall),Interbank Rate,Percent per Annum,9.870000
2014-07-01,UGX per USD (Period Average),Exchange Rate,UGX per USD,2633.515357
2014-07-01,UGX per USD (Period End),Exchange Rate,UGX per USD,2625.200000
2014-08-01,Central Bank Rate,Policy Rate,Percent per Annum,11.000000
2014-08-01,Commercial Bank Deposit Rate (Shillings),Deposit Rate,Percent per Annum,9.701935
2014-08-01,Commercial Bank Lending Rate (Shillings),Lending Rate,Percent per Annum,21.720721
2014-08-01,Interbank Rate (Overall),Interbank Rate,Percent per Annum,9.970000
2014-08-01,UGX per USD (Period Average),Exchange Rate,UGX per USD,2612.504687
2014-08-01,UGX per USD (Period End),Exchange Rate,UGX per USD,2616.995000
2014-09-01,Central Bank Rate,Policy Rate,Percent per Annum,11.000000
2014-09-01,Commercial Bank Deposit Rate (Shillings),Deposit Rate,Percent per Annum,10.029415
2014-09-01,Commercial Bank Lending Rate (Shillings),Lending Rate,Percent per Annum,21.177923
2014-09-01,Interbank Rate (Overall),Interbank Rate,Percent per Annum,8.890000
2014-09-01,UGX per USD (Period Average),Exchange Rate,UGX per USD,2618.796150
2014-09-01,UGX per USD (Period End),Exchange Rate,UGX per USD,2651.606557
2014-10-01,Central Bank Rate,Policy Rate,Percent per Annum,11.000000
2014-10-01,Commercial Bank Deposit Rate (Shillings),Deposit Rate,Percent per Annum,9.721798
2014-10-01,Commercial Bank Lending Rate (Shillings),Lending Rate,Percent per Annum,21.906240
2014-10-01,Interbank Rate (Overall),Interbank Rate,Percent per Annum,9.710000
2014-10-01,UGX per USD (Period Average),Exchange Rate,UGX per USD,2680.508661
2014-10-01,UGX per USD (Period End),Exchange Rate,UGX per USD,2707.330000
2014-11-01,Central Bank Rate,Policy Rate,Percent per Annum,11.000000
2014-11-01,Commercial Bank Deposit Rate (Shillings),Deposit Rate,Percent per Annum,9.818933
2014-11-01,Commercial Bank Lending Rate (Shillings),Lending Rate,Percent per Annum,22.141757
2014-11-01,Interbank Rate (Overall),Interbank Rate,Percent per Annum,8.580000
2014-11-01,UGX per USD (Period Average),Exchange Rate,UGX per USD,2734.222250
2014-11-01,UGX per USD (Period End),Exchange Rate,UGX per USD,2779.945000
2014-12-01,Central Bank Rate,Policy Rate,Percent per Annum,11.000000
2014-12-01,Commercial Bank Deposit Rate (Shillings),Deposit Rate,Percent per Annum,10.492896
2014-12-01,Commercial Bank Lending Rate (Shillings),Lending Rate,Percent per Annum,20.677934
2014-12-01,Interbank Rate (Overall),Interbank Rate,Percent per Annum,9.300000
2014-12-01,UGX per USD (Period Average),Exchange Rate,UGX per USD,2768.794799
2014-12-01,UGX per USD (Period End),Exchange Rate,UGX per USD,2773.065000
2015-01-01,Central Bank Rate,Policy Rate,Percent per Annum,11.000000
2015-01-01,Commercial Bank Deposit Rate (Shillings),Deposit Rate,Percent per Annum,10.814299
2015-01-01,Commercial Bank Lending Rate (Shillings),Lending Rate,Percent per Annum,21.686768
2015-01-01,Interbank Rate (Overall),Interbank Rate,Percent per Annum,11.170000
2015-01-01,UGX per USD (Period Average),Exchange Rate,UGX per USD,2860.711750
2015-01-01,UGX per USD (Period End),Exchange Rate,UGX per USD,2866.770000
2015-02-01,Central Bank Rate,Policy Rate,Percent per Annum,11.000000
2015-02-01,Commercial Bank Deposit Rate (Shillings),Deposit Rate,Percent per Annum,11.383379
2015-02-01,Commercial Bank Lending Rate (Shillings),Lending Rate,Percent per Annum,20.820211
2015-02-01,Interbank Rate (Overall),Interbank Rate,Percent per Annum,9.310000
2015-02-01,UGX per USD (Period Average),Exchange Rate,UGX per USD,2868.847500
2015-02-01,UGX per USD (Period End),Exchange Rate,UGX per USD,2894.180000
2015-03-01,Central Bank Rate,Policy Rate,Percent per Annum,11.000000
2015-03-01,Commercial Bank Deposit Rate (Shillings),Deposit Rate,Percent per Annum,9.758502
2015-03-01,Commercial Bank Lending Rate (Shillings),Lending Rate,Percent per Annum,20.080133
2015-03-01,Interbank Rate (Overall),Interbank Rate,Percent per Annum,12.610000
2015-03-01,UGX per USD (Period Average),Exchange Rate,UGX per USD,2951.736813
2015-03-01,UGX per USD (Period End),Exchange Rate,UGX per USD,2970.630000
2015-04-01,Central Bank Rate,Policy Rate,Percent per Annum,12.000000
2015-04-01,Commercial Bank Deposit Rate (Shillings),Deposit Rate,Percent per Annum,11.509248
2015-04-01,Commercial Bank Lending Rate (Shillings),Lending Rate,Percent per Annum,22.100000
2015-04-01,Interbank Rate (Overall),Interbank Rate,Percent per Annum,11.120000
2015-04-01,UGX per USD (Period Average),Exchange Rate,UGX per USD,2995.578000
2015-04-01,UGX per USD (Period End),Exchange Rate,UGX per USD,2987.470000
2015-05-01,Central Bank Rate,Policy Rate,Percent per Annum,12.000000
2015-05-01,Commercial Bank Deposit Rate (Shillings),Deposit Rate,Percent per Annum,11.918378
2015-05-01,Commercial Bank Lending Rate (Shillings),Lending Rate,Percent per Annum,22.739175
2015-05-01,Interbank Rate (Overall),Interbank Rate,Percent per Annum,10.460000
2015-05-01,UGX per USD (Period Average),Exchange Rate,UGX per USD,3007.603000
2015-05-01,UGX per USD (Period End),Exchange Rate,UGX per USD,3054.290000
2015-06-01,Central Bank Rate,Policy Rate,Percent per Annum,13.000000
2015-06-01,Commercial Bank Deposit Rate (Shillings),Deposit Rate,Percent per Annum,10.385784
2015-06-01,Commercial Bank Lending Rate (Shillings),Lending Rate,Percent per Annum,22.340000
2015-06-01,Interbank Rate (Overall),Interbank Rate,Percent per Annum,11.780000
2015-06-01,UGX per USD (Period Average),Exchange Rate,UGX per USD,3199.902750
2015-06-01,UGX per USD (Period End),Exchange Rate,UGX per USD,3301.770000
2015-07-01,Central Bank Rate,Policy Rate,Percent per Annum,14.500000
2015-07-01,Commercial Bank Deposit Rate (Shillings),Deposit Rate,Percent per Annum,11.270000
2015-07-01,Commercial Bank Lending Rate (Shillings),Lending Rate,Percent per Annum,21.760000
2015-07-01,Interbank Rate (Overall),Interbank Rate,Percent per Annum,16.520000
2015-07-01,UGX per USD (Period Average),Exchange Rate,UGX per USD,3360.094091
2015-07-01,UGX per USD (Period End),Exchange Rate,UGX per USD,3425.810000
2015-08-01,Central Bank Rate,Policy Rate,Percent per Annum,16.000000
2015-08-01,Commercial Bank Deposit Rate (Shillings),Deposit Rate,Percent per Annum,13.060000
2015-08-01,Commercial Bank Lending Rate (Shillings),Lending Rate,Percent per Annum,23.500000
2015-08-01,Interbank Rate (Overall),Interbank Rate,Percent per Annum,13.320000
2015-08-01,UGX per USD (Period Average),Exchange Rate,UGX per USD,3548.251190
2015-08-01,UGX per USD (Period End),Exchange Rate,UGX per USD,3658.390000
2015-09-01,Central Bank Rate,Policy Rate,Percent per Annum,16.000000
2015-09-01,Commercial Bank Deposit Rate (Shillings),Deposit Rate,Percent per Annum,14.528126
2015-09-01,Commercial Bank Lending Rate (Shillings),Lending Rate,Percent per Annum,23.250000
2015-09-01,Interbank Rate (Overall),Interbank Rate,Percent per Annum,13.650000
2015-09-01,UGX per USD (Period Average),Exchange Rate,UGX per USD,3667.504762
2015-09-01,UGX per USD (Period End),Exchange Rate,UGX per USD,3695.250000
2015-10-01,Central Bank Rate,Policy Rate,Percent per Annum,17.000000
2015-10-01,Commercial Bank Deposit Rate (Shillings),Deposit Rate,Percent per Annum,14.757895
2015-10-01,Commercial Bank Lending Rate (Shillings),Lending Rate,Percent per Annum,23.900000
2015-10-01,Interbank Rate (Overall),Interbank Rate,Percent per Annum,12.610000
2015-10-01,UGX per USD (Period Average),Exchange Rate,UGX per USD,3636.024524
2015-10-01,UGX per USD (Period End),Exchange Rate,UGX per USD,3560.190000
2015-11-01,Central Bank Rate,Policy Rate,Percent per Annum,17.000000
2015-11-01,Commercial Bank Deposit Rate (Shillings),Deposit Rate,Percent per Annum,16.850000
2015-11-01,Commercial Bank Lending Rate (Shillings),Lending Rate,Percent per Annum,24.450000
2015-11-01,Interbank Rate (Overall),Interbank Rate,Percent per Annum,12.630000
2015-11-01,UGX per USD (Period Average),Exchange Rate,UGX per USD,3428.998095
2015-11-01,UGX per USD (Period End),Exchange Rate,UGX per USD,3357.120000
2015-12-01,Central Bank Rate,Policy Rate,Percent per Annum,17.000000
2015-12-01,Commercial Bank Deposit Rate (Shillings),Deposit Rate,Percent per Annum,16.975881
2015-12-01,Commercial Bank Lending Rate (Shillings),Lending Rate,Percent per Annum,24.590000
2015-12-01,Interbank Rate (Overall),Interbank Rate,Percent per Annum,14.170000
2015-12-01,UGX per USD (Period Average),Exchange Rate,UGX per USD,3362.492569
2015-12-01,UGX per USD (Period End),Exchange Rate,UGX per USD,3377.010000
2016-01-01,Central Bank Rate,Policy Rate,Percent per Annum,17.000000
2016-01-01,Commercial Bank Deposit Rate (Shillings),Deposit Rate,Percent per Annum,17.281385
2016-01-01,Commercial Bank Lending Rate (Shillings),Lending Rate,Percent per Annum,24.290000
2016-01-01,Interbank Rate (Overall),Interbank Rate,Percent per Annum,12.950000
2016-01-01,UGX per USD (Period Average),Exchange Rate,UGX per USD,3451.208947
2016-01-01,UGX per USD (Period End),Exchange Rate,UGX per USD,3479.550000
2016-02-01,Central Bank Rate,Policy Rate,Percent per Annum,17.000000
2016-02-01,Commercial Bank Deposit Rate (Shillings),Deposit Rate,Percent per Annum,16.149301
2016-02-01,Commercial Bank Lending Rate (Shillings),Lending Rate,Percent per Annum,25.220000
2016-02-01,Interbank Rate (Overall),Interbank Rate,Percent per Annum,12.350000
2016-02-01,UGX per USD (Period Average),Exchange Rate,UGX per USD,3435.113961
2016-02-01,UGX per USD (Period End),Exchange Rate,UGX per USD,3348.550725
2016-03-01,Central Bank Rate,Policy Rate,Percent per Annum,17.000000
2016-03-01,Commercial Bank Deposit Rate (Shillings),Deposit Rate,Percent per Annum,13.735173
2016-03-01,Commercial Bank Lending Rate (Shillings),Lending Rate,Percent per Annum,24.370000
2016-03-01,Interbank Rate (Overall),Interbank Rate,Percent per Annum,11.330000
2016-03-01,UGX per USD (Period Average),Exchange Rate,UGX per USD,3365.496891
2016-03-01,UGX per USD (Period End),Exchange Rate,UGX per USD,3374.434783
2016-04-01,Central Bank Rate,Policy Rate,Percent per Annum,16.000000
2016-04-01,Commercial Bank Deposit Rate (Shillings),Deposit Rate,Percent per Annum,12.422400
2016-04-01,Commercial Bank Lending Rate (Shillings),Lending Rate,Percent per Annum,24.230000
2016-04-01,Interbank Rate (Overall),Interbank Rate,Percent per Annum,12.000000
2016-04-01,UGX per USD (Period Average),Exchange Rate,UGX per USD,3343.572077
2016-04-01,UGX per USD (Period End),Exchange Rate,UGX per USD,3325.550000
2016-05-01,Central Bank Rate,Policy Rate,Percent per Annum,16.000000
2016-05-01,Commercial Bank Deposit Rate (Shillings),Deposit Rate,Percent per Annum,13.610863
2016-05-01,Commercial Bank Lending Rate (Shillings),Lending Rate,Percent per Annum,24.480000
2016-05-01,Interbank Rate (Overall),Interbank Rate,Percent per Annum,12.110000
2016-05-01,UGX per USD (Period Average),Exchange Rate,UGX per USD,3348.919255
2016-05-01,UGX per USD (Period End),Exchange Rate,UGX per USD,3364.521739
2016-06-01,Central Bank Rate,Policy Rate,Percent per Annum,15.000000
2016-06-01,Commercial Bank Deposit Rate (Shillings),Deposit Rate,Percent per Annum,12.238210
2016-06-01,Commercial Bank Lending Rate (Shillings),Lending Rate,Percent per Annum,23.540000
2016-06-01,Interbank Rate (Overall),Interbank Rate,Percent per Annum,14.110000
2016-06-01,UGX per USD (Period Average),Exchange Rate,UGX per USD,3367.992603
2016-06-01,UGX per USD (Period End),Exchange Rate,UGX per USD,3404.861111
2016-07-01,Central Bank Rate,Policy Rate,Percent per Annum,15.000000
2016-07-01,Commercial Bank Deposit Rate (Shillings),Deposit Rate,Percent per Annum,13.014173
2016-07-01,Commercial Bank Lending Rate (Shillings),Lending Rate,Percent per Annum,23.900000
2016-07-01,Interbank Rate (Overall),Interbank Rate,Percent per Annum,13.920000
2016-07-01,UGX per USD (Period Average),Exchange Rate,UGX per USD,3379.293389
2016-07-01,UGX per USD (Period End),Exchange Rate,UGX per USD,3375.630000
2016-08-01,Central Bank Rate,Policy Rate,Percent per Annum,14.000000
2016-08-01,Commercial Bank Deposit Rate (Shillings),Deposit Rate,Percent per Annum,12.920000
2016-08-01,Commercial Bank Lending Rate (Shillings),Lending Rate,Percent per Annum,24.290000
2016-08-01,Interbank Rate (Overall),Interbank Rate,Percent per Annum,13.090000
2016-08-01,UGX per USD (Period Average),Exchange Rate,UGX per USD,3373.535000
2016-08-01,UGX per USD (Period End),Exchange Rate,UGX per USD,3375.640000
2016-09-01,Central Bank Rate,Policy Rate,Percent per Annum,14.000000
2016-09-01,Commercial Bank Deposit Rate (Shillings),Deposit Rate,Percent per Annum,11.853729
2016-09-01,Commercial Bank Lending Rate (Shillings),Lending Rate,Percent per Annum,23.713591
2016-09-01,Interbank Rate (Overall),Interbank Rate,Percent per Annum,12.490000
2016-09-01,UGX per USD (Period Average),Exchange Rate,UGX per USD,3381.406190
2016-09-01,UGX per USD (Period End),Exchange Rate,UGX per USD,3388.560000
2016-10-01,Central Bank Rate,Policy Rate,Percent per Annum,13.000000
2016-10-01,Commercial Bank Deposit Rate (Shillings),Deposit Rate,Percent per Annum,11.540350
2016-10-01,Commercial Bank Lending Rate (Shillings),Lending Rate,Percent per Annum,22.810000
2016-10-01,Interbank Rate (Overall),Interbank Rate,Percent per Annum,12.460000
2016-10-01,UGX per USD (Period Average),Exchange Rate,UGX per USD,3435.848360
2016-10-01,UGX per USD (Period End),Exchange Rate,UGX per USD,3465.150000
2016-11-01,Central Bank Rate,Policy Rate,Percent per Annum,13.000000
2016-11-01,Commercial Bank Deposit Rate (Shillings),Deposit Rate,Percent per Annum,12.010000
2016-11-01,Commercial Bank Lending Rate (Shillings),Lending Rate,Percent per Annum,23.070000
2016-11-01,Interbank Rate (Overall),Interbank Rate,Percent per Annum,11.770000
2016-11-01,UGX per USD (Period Average),Exchange Rate,UGX per USD,3560.623434
2016-11-01,UGX per USD (Period End),Exchange Rate,UGX per USD,3630.222222
2016-12-01,Central Bank Rate,Policy Rate,Percent per Annum,12.000000
2016-12-01,Commercial Bank Deposit Rate (Shillings),Deposit Rate,Percent per Annum,12.079878
2016-12-01,Commercial Bank Lending Rate (Shillings),Lending Rate,Percent per Annum,22.720000
2016-12-01,Interbank Rate (Overall),Interbank Rate,Percent per Annum,10.770000
2016-12-01,UGX per USD (Period Average),Exchange Rate,UGX per USD,3598.165979
2016-12-01,UGX per USD (Period End),Exchange Rate,UGX per USD,3610.500000
2017-01-01,Central Bank Rate,Policy Rate,Percent per Annum,12.000000
2017-01-01,Commercial Bank Deposit Rate (Shillings),Deposit Rate,Percent per Annum,11.760391
2017-01-01,Commercial Bank Lending Rate (Shillings),Lending Rate,Percent per Annum,22.370000
2017-01-01,Interbank Rate (Overall),Interbank Rate,Percent per Annum,11.110000
2017-01-01,UGX per USD (Period Average),Exchange Rate,UGX per USD,3609.477302
2017-01-01,UGX per USD (Period End),Exchange Rate,UGX per USD,3588.510000
2017-02-01,Central Bank Rate,Policy Rate,Percent per Annum,11.500000
2017-02-01,Commercial Bank Deposit Rate (Shillings),Deposit Rate,Percent per Annum,11.432211
2017-02-01,Commercial Bank Lending Rate (Shillings),Lending Rate,Percent per Annum,23.127357
2017-02-01,Interbank Rate (Overall),Interbank Rate,Percent per Annum,10.100000
2017-02-01,UGX per USD (Period Average),Exchange Rate,UGX per USD,3585.349547
2017-02-01,UGX per USD (Period End),Exchange Rate,UGX per USD,3586.690000
2017-03-01,Central Bank Rate,Policy Rate,Percent per Annum,11.500000
2017-03-01,Commercial Bank Deposit Rate (Shillings),Deposit Rate,Percent per Annum,10.299894
2017-03-01,Commercial Bank Lending Rate (Shillings),Lending Rate,Percent per Annum,22.450000
2017-03-01,Interbank Rate (Overall),Interbank Rate,Percent per Annum,10.610000
2017-03-01,UGX per USD (Period Average),Exchange Rate,UGX per USD,3599.014114
2017-03-01,UGX per USD (Period End),Exchange Rate,UGX per USD,3614.190000
2017-04-01,Central Bank Rate,Policy Rate,Percent per Annum,11.000000
2017-04-01,Commercial Bank Deposit Rate (Shillings),Deposit Rate,Percent per Annum,10.910741
2017-04-01,Commercial Bank Lending Rate (Shillings),Lending Rate,Percent per Annum,20.520000
2017-04-01,Interbank Rate (Overall),Interbank Rate,Percent per Annum,10.140000
2017-04-01,UGX per USD (Period Average),Exchange Rate,UGX per USD,3618.697222
2017-04-01,UGX per USD (Period End),Exchange Rate,UGX per USD,3644.630000
2017-05-01,Central Bank Rate,Policy Rate,Percent per Annum,11.000000
2017-05-01,Commercial Bank Deposit Rate (Shillings),Deposit Rate,Percent per Annum,9.894098
2017-05-01,Commercial Bank Lending Rate (Shillings),Lending Rate,Percent per Annum,21.040000
2017-05-01,Interbank Rate (Overall),Interbank Rate,Percent per Annum,9.860000
2017-05-01,UGX per USD (Period Average),Exchange Rate,UGX per USD,3623.606591
2017-05-01,UGX per USD (Period End),Exchange Rate,UGX per USD,3602.630000
2017-06-01,Central Bank Rate,Policy Rate,Percent per Annum,10.000000
2017-06-01,Commercial Bank Deposit Rate (Shillings),Deposit Rate,Percent per Annum,8.858603
2017-06-01,Commercial Bank Lending Rate (Shillings),Lending Rate,Percent per Annum,21.110000
2017-06-01,Interbank Rate (Overall),Interbank Rate,Percent per Annum,9.080000
2017-06-01,UGX per USD (Period Average),Exchange Rate,UGX per USD,3591.098571
2017-06-01,UGX per USD (Period End),Exchange Rate,UGX per USD,3590.900000
2017-07-01,Central Bank Rate,Policy Rate,Percent per Annum,10.000000
2017-07-01,Commercial Bank Deposit Rate (Shillings),Deposit Rate,Percent per Annum,9.309671
2017-07-01,Commercial Bank Lending Rate (Shillings),Lending Rate,Percent per Annum,20.880000
2017-07-01,Interbank Rate (Overall),Interbank Rate,Percent per Annum,7.900000
2017-07-01,UGX per USD (Period Average),Exchange Rate,UGX per USD,3601.530500
2017-07-01,UGX per USD (Period End),Exchange Rate,UGX per USD,3610.880000
2017-08-01,Central Bank Rate,Policy Rate,Percent per Annum,10.000000
2017-08-01,Commercial Bank Deposit Rate (Shillings),Deposit Rate,Percent per Annum,9.277937
2017-08-01,Commercial Bank Lending Rate (Shillings),Lending Rate,Percent per Annum,22.290000
2017-08-01,Interbank Rate (Overall),Interbank Rate,Percent per Annum,8.400000
2017-08-01,UGX per USD (Period Average),Exchange Rate,UGX per USD,3606.031739
2017-08-01,UGX per USD (Period End),Exchange Rate,UGX per USD,3600.380000
2017-09-01,Central Bank Rate,Policy Rate,Percent per Annum,10.000000
2017-09-01,Commercial Bank Deposit Rate (Shillings),Deposit Rate,Percent per Annum,9.043951
2017-09-01,Commercial Bank Lending Rate (Shillings),Lending Rate,Percent per Annum,20.890000
2017-09-01,Interbank Rate (Overall),Interbank Rate,Percent per Annum,8.530000
2017-09-01,UGX per USD (Period Average),Exchange Rate,UGX per USD,3599.866000
2017-09-01,UGX per USD (Period End),Exchange Rate,UGX per USD,3603.080000
2017-10-01,Central Bank Rate,Policy Rate,Percent per Annum,9.500000
2017-10-01,Commercial Bank Deposit Rate (Shillings),Deposit Rate,Percent per Annum,8.770111
2017-10-01,Commercial Bank Lending Rate (Shillings),Lending Rate,Percent per Annum,18.970000
2017-10-01,Interbank Rate (Overall),Interbank Rate,Percent per Annum,8.710000
2017-10-01,UGX per USD (Period Average),Exchange Rate,UGX per USD,3637.909524
2017-10-01,UGX per USD (Period End),Exchange Rate,UGX per USD,3650.530000
2017-11-01,Central Bank Rate,Policy Rate,Percent per Annum,9.500000
2017-11-01,Commercial Bank Deposit Rate (Shillings),Deposit Rate,Percent per Annum,8.586547
2017-11-01,Commercial Bank Lending Rate (Shillings),Lending Rate,Percent per Annum,21.420000
2017-11-01,Interbank Rate (Overall),Interbank Rate,Percent per Annum,8.230000
2017-11-01,UGX per USD (Period Average),Exchange Rate,UGX per USD,3638.850808
2017-11-01,UGX per USD (Period End),Exchange Rate,UGX per USD,3634.530000
2017-12-01,Central Bank Rate,Policy Rate,Percent per Annum,9.500000
2017-12-01,Commercial Bank Deposit Rate (Shillings),Deposit Rate,Percent per Annum,8.222655
2017-12-01,Commercial Bank Lending Rate (Shillings),Lending Rate,Percent per Annum,20.276701
2017-12-01,Interbank Rate (Overall),Interbank Rate,Percent per Annum,8.010000
2017-12-01,UGX per USD (Period Average),Exchange Rate,UGX per USD,3623.261579
2017-12-01,UGX per USD (Period End),Exchange Rate,UGX per USD,3635.080000
2018-01-01,Central Bank Rate,Policy Rate,Percent per Annum,9.500000
2018-01-01,Commercial Bank Deposit Rate (Shillings),Deposit Rate,Percent per Annum,8.988058
2018-01-01,Commercial Bank Lending Rate (Shillings),Lending Rate,Percent per Annum,20.257327
2018-01-01,Interbank Rate (Overall),Interbank Rate,Percent per Annum,8.090000
2018-01-01,UGX per USD (Period Average),Exchange Rate,UGX per USD,3640.053042
2018-01-01,UGX per USD (Period End),Exchange Rate,UGX per USD,3625.210000
2018-02-01,Central Bank Rate,Policy Rate,Percent per Annum,9.000000
2018-02-01,Commercial Bank Deposit Rate (Shillings),Deposit Rate,Percent per Annum,8.235883
2018-02-01,Commercial Bank Lending Rate (Shillings),Lending Rate,Percent per Annum,21.100000
2018-02-01,Interbank Rate (Overall),Interbank Rate,Percent per Annum,8.220000
2018-02-01,UGX per USD (Period Average),Exchange Rate,UGX per USD,3637.562602
2018-02-01,UGX per USD (Period End),Exchange Rate,UGX per USD,3645.990000
2018-03-01,Central Bank Rate,Policy Rate,Percent per Annum,9.000000
2018-03-01,Commercial Bank Deposit Rate (Shillings),Deposit Rate,Percent per Annum,8.816580
2018-03-01,Commercial Bank Lending Rate (Shillings),Lending Rate,Percent per Annum,20.100000
2018-03-01,Interbank Rate (Overall),Interbank Rate,Percent per Annum,7.950000
2018-03-01,UGX per USD (Period Average),Exchange Rate,UGX per USD,3660.117861
2018-03-01,UGX per USD (Period End),Exchange Rate,UGX per USD,3686.890000
2018-04-01,Central Bank Rate,Policy Rate,Percent per Annum,9.000000
2018-04-01,Commercial Bank Deposit Rate (Shillings),Deposit Rate,Percent per Annum,9.070061
2018-04-01,Commercial Bank Lending Rate (Shillings),Lending Rate,Percent per Annum,20.030000
2018-04-01,Interbank Rate (Overall),Interbank Rate,Percent per Annum,7.910000
2018-04-01,UGX per USD (Period Average),Exchange Rate,UGX per USD,3697.242500
2018-04-01,UGX per USD (Period End),Exchange Rate,UGX per USD,3713.220000
2018-05-01,Central Bank Rate,Policy Rate,Percent per Annum,9.000000
2018-05-01,Commercial Bank Deposit Rate (Shillings),Deposit Rate,Percent per Annum,8.764184
2018-05-01,Commercial Bank Lending Rate (Shillings),Lending Rate,Percent per Annum,20.199907
2018-05-01,Interbank Rate (Overall),Interbank Rate,Percent per Annum,7.870000
2018-05-01,UGX per USD (Period Average),Exchange Rate,UGX per USD,3726.843030
2018-05-01,UGX per USD (Period End),Exchange Rate,UGX per USD,3768.347222
2018-06-01,Central Bank Rate,Policy Rate,Percent per Annum,9.000000
2018-06-01,Commercial Bank Deposit Rate (Shillings),Deposit Rate,Percent per Annum,9.282920
2018-06-01,Commercial Bank Lending Rate (Shillings),Lending Rate,Percent per Annum,17.683715
2018-06-01,Interbank Rate (Overall),Interbank Rate,Percent per Annum,8.660000
2018-06-01,UGX per USD (Period Average),Exchange Rate,UGX per USD,3840.476750
2018-06-01,UGX per USD (Period End),Exchange Rate,UGX per USD,3879.540000
2018-07-01,Central Bank Rate,Policy Rate,Percent per Annum,9.000000
2018-07-01,Commercial Bank Deposit Rate (Shillings),Deposit Rate,Percent per Annum,9.172971
2018-07-01,Commercial Bank Lending Rate (Shillings),Lending Rate,Percent per Annum,19.170000
2018-07-01,Interbank Rate (Overall),Interbank Rate,Percent per Annum,8.810000
2018-07-01,UGX per USD (Period Average),Exchange Rate,UGX per USD,3760.443439
2018-07-01,UGX per USD (Period End),Exchange Rate,UGX per USD,3701.420000
2018-08-01,Central Bank Rate,Policy Rate,Percent per Annum,9.000000
2018-08-01,Commercial Bank Deposit Rate (Shillings),Deposit Rate,Percent per Annum,9.319073
2018-08-01,Commercial Bank Lending Rate (Shillings),Lending Rate,Percent per Annum,19.030000
2018-08-01,Interbank Rate (Overall),Interbank Rate,Percent per Annum,8.060000
2018-08-01,UGX per USD (Period Average),Exchange Rate,UGX per USD,3729.532500
2018-08-01,UGX per USD (Period End),Exchange Rate,UGX per USD,3759.990000
2018-09-01,Central Bank Rate,Policy Rate,Percent per Annum,9.000000
2018-09-01,Commercial Bank Deposit Rate (Shillings),Deposit Rate,Percent per Annum,9.677331
2018-09-01,Commercial Bank Lending Rate (Shillings),Lending Rate,Percent per Annum,19.560000
2018-09-01,Interbank Rate (Overall),Interbank Rate,Percent per Annum,8.580000
2018-09-01,UGX per USD (Period Average),Exchange Rate,UGX per USD,3800.679417
2018-09-01,UGX per USD (Period End),Exchange Rate,UGX per USD,3822.140000
2018-10-01,Central Bank Rate,Policy Rate,Percent per Annum,10.000000
2018-10-01,Commercial Bank Deposit Rate (Shillings),Deposit Rate,Percent per Annum,9.724148
2018-10-01,Commercial Bank Lending Rate (Shillings),Lending Rate,Percent per Annum,20.370000
2018-10-01,Interbank Rate (Overall),Interbank Rate,Percent per Annum,9.160000
2018-10-01,UGX per USD (Period Average),Exchange Rate,UGX per USD,3777.977727
2018-10-01,UGX per USD (Period End),Exchange Rate,UGX per USD,3759.170000
2018-11-01,Central Bank Rate,Policy Rate,Percent per Annum,10.000000
2018-11-01,Commercial Bank Deposit Rate (Shillings),Deposit Rate,Percent per Annum,10.360319
2018-11-01,Commercial Bank Lending Rate (Shillings),Lending Rate,Percent per Annum,20.510000
2018-11-01,Interbank Rate (Overall),Interbank Rate,Percent per Annum,9.280000
2018-11-01,UGX per USD (Period Average),Exchange Rate,UGX per USD,3739.772285
2018-11-01,UGX per USD (Period End),Exchange Rate,UGX per USD,3725.390000
2018-12-01,Central Bank Rate,Policy Rate,Percent per Annum,10.000000
2018-12-01,Commercial Bank Deposit Rate (Shillings),Deposit Rate,Percent per Annum,11.207905
2018-12-01,Commercial Bank Lending Rate (Shillings),Lending Rate,Percent per Annum,20.147755
2018-12-01,Interbank Rate (Overall),Interbank Rate,Percent per Annum,9.450000
2018-12-01,UGX per USD (Period Average),Exchange Rate,UGX per USD,3714.126784
2018-12-01,UGX per USD (Period End),Exchange Rate,UGX per USD,3713.350000
2019-01-01,Central Bank Rate,Policy Rate,Percent per Annum,10.000000
2019-01-01,Commercial Bank Deposit Rate (Shillings),Deposit Rate,Percent per Annum,10.913165
2019-01-01,Commercial Bank Lending Rate (Shillings),Lending Rate,Percent per Annum,21.400000
2019-01-01,Interbank Rate (Overall),Interbank Rate,Percent per Annum,9.660000
2019-01-01,UGX per USD (Period Average),Exchange Rate,UGX per USD,3702.434091
2019-01-01,UGX per USD (Period End),Exchange Rate,UGX per USD,3672.110000
2019-02-01,Central Bank Rate,Policy Rate,Percent per Annum,10.000000
2019-02-01,Commercial Bank Deposit Rate (Shillings),Deposit Rate,Percent per Annum,9.911686
2019-02-01,Commercial Bank Lending Rate (Shillings),Lending Rate,Percent per Annum,21.110000
2019-02-01,Interbank Rate (Overall),Interbank Rate,Percent per Annum,8.550000
2019-02-01,UGX per USD (Period Average),Exchange Rate,UGX per USD,3672.894000
2019-02-01,UGX per USD (Period End),Exchange Rate,UGX per USD,3694.790000
2019-03-01,Central Bank Rate,Policy Rate,Percent per Annum,10.000000
2019-03-01,Commercial Bank Deposit Rate (Shillings),Deposit Rate,Percent per Annum,10.256508
2019-03-01,Commercial Bank Lending Rate (Shillings),Lending Rate,Percent per Annum,19.610000
2019-03-01,Interbank Rate (Overall),Interbank Rate,Percent per Annum,8.970000
2019-03-01,UGX per USD (Period Average),Exchange Rate,UGX per USD,3706.191500
2019-03-01,UGX per USD (Period End),Exchange Rate,UGX per USD,3715.130000
2019-04-01,Central Bank Rate,Policy Rate,Percent per Annum,10.000000
2019-04-01,Commercial Bank Deposit Rate (Shillings),Deposit Rate,Percent per Annum,10.713333
2019-04-01,Commercial Bank Lending Rate (Shillings),Lending Rate,Percent per Annum,19.790000
2019-04-01,Interbank Rate (Overall),Interbank Rate,Percent per Annum,8.830000
2019-04-01,UGX per USD (Period Average),Exchange Rate,UGX per USD,3736.975750
2019-04-01,UGX per USD (Period End),Exchange Rate,UGX per USD,3747.180000
2019-05-01,Central Bank Rate,Policy Rate,Percent per Annum,10.000000
2019-05-01,Commercial Bank Deposit Rate (Shillings),Deposit Rate,Percent per Annum,10.476649
2019-05-01,Commercial Bank Lending Rate (Shillings),Lending Rate,Percent per Annum,19.630000
2019-05-01,Interbank Rate (Overall),Interbank Rate,Percent per Annum,9.210000
2019-05-01,UGX per USD (Period Average),Exchange Rate,UGX per USD,3765.629331
2019-05-01,UGX per USD (Period End),Exchange Rate,UGX per USD,3758.900000
2019-06-01,Central Bank Rate,Policy Rate,Percent per Annum,10.000000
2019-06-01,Commercial Bank Deposit Rate (Shillings),Deposit Rate,Percent per Annum,9.977954
2019-06-01,Commercial Bank Lending Rate (Shillings),Lending Rate,Percent per Annum,19.021609
2019-06-01,Interbank Rate (Overall),Interbank Rate,Percent per Annum,8.900000
2019-06-01,UGX per USD (Period Average),Exchange Rate,UGX per USD,3728.988302
2019-06-01,UGX per USD (Period End),Exchange Rate,UGX per USD,3694.760000
2019-07-01,Central Bank Rate,Policy Rate,Percent per Annum,10.000000
2019-07-01,Commercial Bank Deposit Rate (Shillings),Deposit Rate,Percent per Annum,10.337452
2019-07-01,Commercial Bank Lending Rate (Shillings),Lending Rate,Percent per Annum,21.440000
2019-07-01,Interbank Rate (Overall),Interbank Rate,Percent per Annum,9.120000
2019-07-01,UGX per USD (Period Average),Exchange Rate,UGX per USD,3696.486957
2019-07-01,UGX per USD (Period End),Exchange Rate,UGX per USD,3700.760000
2019-08-01,Central Bank Rate,Policy Rate,Percent per Annum,10.000000
2019-08-01,Commercial Bank Deposit Rate (Shillings),Deposit Rate,Percent per Annum,10.057839
2019-08-01,Commercial Bank Lending Rate (Shillings),Lending Rate,Percent per Annum,20.230000
2019-08-01,Interbank Rate (Overall),Interbank Rate,Percent per Annum,9.060000
2019-08-01,UGX per USD (Period Average),Exchange Rate,UGX per USD,3693.733864
2019-08-01,UGX per USD (Period End),Exchange Rate,UGX per USD,3689.490000
2019-09-01,Central Bank Rate,Policy Rate,Percent per Annum,10.000000
2019-09-01,Commercial Bank Deposit Rate (Shillings),Deposit Rate,Percent per Annum,9.836372
2019-09-01,Commercial Bank Lending Rate (Shillings),Lending Rate,Percent per Annum,19.823624
2019-09-01,Interbank Rate (Overall),Interbank Rate,Percent per Annum,8.460000
2019-09-01,UGX per USD (Period Average),Exchange Rate,UGX per USD,3675.496429
2019-09-01,UGX per USD (Period End),Exchange Rate,UGX per USD,3684.235000
2019-10-01,Central Bank Rate,Policy Rate,Percent per Annum,9.000000
2019-10-01,Commercial Bank Deposit Rate (Shillings),Deposit Rate,Percent per Annum,9.699332
2019-10-01,Commercial Bank Lending Rate (Shillings),Lending Rate,Percent per Annum,19.800000
2019-10-01,Interbank Rate (Overall),Interbank Rate,Percent per Annum,8.060000
2019-10-01,UGX per USD (Period Average),Exchange Rate,UGX per USD,3695.836364
2019-10-01,UGX per USD (Period End),Exchange Rate,UGX per USD,3711.190000
2019-11-01,Central Bank Rate,Policy Rate,Percent per Annum,9.000000
2019-11-01,Commercial Bank Deposit Rate (Shillings),Deposit Rate,Percent per Annum,9.479695
2019-11-01,Commercial Bank Lending Rate (Shillings),Lending Rate,Percent per Annum,18.339727
2019-11-01,Interbank Rate (Overall),Interbank Rate,Percent per Annum,7.850000
2019-11-01,UGX per USD (Period Average),Exchange Rate,UGX per USD,3697.442857
2019-11-01,UGX per USD (Period End),Exchange Rate,UGX per USD,3699.380000
2019-12-01,Central Bank Rate,Policy Rate,Percent per Annum,9.000000
2019-12-01,Commercial Bank Deposit Rate (Shillings),Deposit Rate,Percent per Annum,9.671799
2019-12-01,Commercial Bank Lending Rate (Shillings),Lending Rate,Percent per Annum,18.834459
2019-12-01,Interbank Rate (Overall),Interbank Rate,Percent per Annum,7.870000
2019-12-01,UGX per USD (Period Average),Exchange Rate,UGX per USD,3676.479417
2019-12-01,UGX per USD (Period End),Exchange Rate,UGX per USD,3665.208333
2020-01-01,Central Bank Rate,Policy Rate,Percent per Annum,9.000000
2020-01-01,Commercial Bank Deposit Rate (Shillings),Deposit Rate,Percent per Annum,10.426339
2020-01-01,Commercial Bank Lending Rate (Shillings),Lending Rate,Percent per Annum,19.883427
2020-01-01,Interbank Rate (Overall),Interbank Rate,Percent per Annum,8.280000
2020-01-01,UGX per USD (Period Average),Exchange Rate,UGX per USD,3680.792727
2020-01-01,UGX per USD (Period End),Exchange Rate,UGX per USD,3679.670000
2020-02-01,Central Bank Rate,Policy Rate,Percent per Annum,9.000000
2020-02-01,Commercial Bank Deposit Rate (Shillings),Deposit Rate,Percent per Annum,10.135205
2020-02-01,Commercial Bank Lending Rate (Shillings),Lending Rate,Percent per Annum,19.120000
2020-02-01,Interbank Rate (Overall),Interbank Rate,Percent per Annum,8.270000
2020-02-01,UGX per USD (Period Average),Exchange Rate,UGX per USD,3676.846500
2020-02-01,UGX per USD (Period End),Exchange Rate,UGX per USD,3714.310000
2020-03-01,Central Bank Rate,Policy Rate,Percent per Annum,9.000000
2020-03-01,Commercial Bank Deposit Rate (Shillings),Deposit Rate,Percent per Annum,10.115882
2020-03-01,Commercial Bank Lending Rate (Shillings),Lending Rate,Percent per Annum,17.780000
2020-03-01,Interbank Rate (Overall),Interbank Rate,Percent per Annum,9.410000
2020-03-01,UGX per USD (Period Average),Exchange Rate,UGX per USD,3772.907500
2020-03-01,UGX per USD (Period End),Exchange Rate,UGX per USD,3796.430000
2020-04-01,Central Bank Rate,Policy Rate,Percent per Annum,8.000000
2020-04-01,Commercial Bank Deposit Rate (Shillings),Deposit Rate,Percent per Annum,9.835223
2020-04-01,Commercial Bank Lending Rate (Shillings),Lending Rate,Percent per Annum,17.730000
2020-04-01,Interbank Rate (Overall),Interbank Rate,Percent per Annum,7.330000
2020-04-01,UGX per USD (Period Average),Exchange Rate,UGX per USD,3785.746417
2020-04-01,UGX per USD (Period End),Exchange Rate,UGX per USD,3807.000000
2020-05-01,Central Bank Rate,Policy Rate,Percent per Annum,8.000000
2020-05-01,Commercial Bank Deposit Rate (Shillings),Deposit Rate,Percent per Annum,10.173185
2020-05-01,Commercial Bank Lending Rate (Shillings),Lending Rate,Percent per Annum,18.840000
2020-05-01,Interbank Rate (Overall),Interbank Rate,Percent per Annum,7.570000
2020-05-01,UGX per USD (Period Average),Exchange Rate,UGX per USD,3791.460000
2020-05-01,UGX per USD (Period End),Exchange Rate,UGX per USD,3784.810000
2020-06-01,Central Bank Rate,Policy Rate,Percent per Annum,7.000000
2020-06-01,Commercial Bank Deposit Rate (Shillings),Deposit Rate,Percent per Annum,9.568809
2020-06-01,Commercial Bank Lending Rate (Shillings),Lending Rate,Percent per Annum,19.297144
2020-06-01,Interbank Rate (Overall),Interbank Rate,Percent per Annum,6.770000
2020-06-01,UGX per USD (Period Average),Exchange Rate,UGX per USD,3737.944500
2020-06-01,UGX per USD (Period End),Exchange Rate,UGX per USD,3730.140000
2020-07-01,Central Bank Rate,Policy Rate,Percent per Annum,7.000000
2020-07-01,Commercial Bank Deposit Rate (Shillings),Deposit Rate,Percent per Annum,10.087502
2020-07-01,Commercial Bank Lending Rate (Shillings),Lending Rate,Percent per Annum,20.929202
2020-07-01,Interbank Rate (Overall),Interbank Rate,Percent per Annum,7.030000
2020-07-01,UGX per USD (Period Average),Exchange Rate,UGX per USD,3703.537045
2020-07-01,UGX per USD (Period End),Exchange Rate,UGX per USD,3686.420000
2020-08-01,Central Bank Rate,Policy Rate,Percent per Annum,7.000000
2020-08-01,Commercial Bank Deposit Rate (Shillings),Deposit Rate,Percent per Annum,10.111140
2020-08-01,Commercial Bank Lending Rate (Shillings),Lending Rate,Percent per Annum,19.838272
2020-08-01,Interbank Rate (Overall),Interbank Rate,Percent per Annum,7.010000
2020-08-01,UGX per USD (Period Average),Exchange Rate,UGX per USD,3677.527619
2020-08-01,UGX per USD (Period End),Exchange Rate,UGX per USD,3678.160000
2020-09-01,Central Bank Rate,Policy Rate,Percent per Annum,7.000000
2020-09-01,Commercial Bank Deposit Rate (Shillings),Deposit Rate,Percent per Annum,9.160094
2020-09-01,Commercial Bank Lending Rate (Shillings),Lending Rate,Percent per Annum,19.906297
2020-09-01,Interbank Rate (Overall),Interbank Rate,Percent per Annum,6.890000
2020-09-01,UGX per USD (Period Average),Exchange Rate,UGX per USD,3695.087273
2020-09-01,UGX per USD (Period End),Exchange Rate,UGX per USD,3715.520000
2020-10-01,Central Bank Rate,Policy Rate,Percent per Annum,7.000000
2020-10-01,Commercial Bank Deposit Rate (Shillings),Deposit Rate,Percent per Annum,9.990496
2020-10-01,Commercial Bank Lending Rate (Shillings),Lending Rate,Percent per Annum,19.299509
2020-10-01,Interbank Rate (Overall),Interbank Rate,Percent per Annum,6.980000
2020-10-01,UGX per USD (Period Average),Exchange Rate,UGX per USD,3719.916929
2020-10-01,UGX per USD (Period End),Exchange Rate,UGX per USD,3740.460000
2020-11-01,Central Bank Rate,Policy Rate,Percent per Annum,7.000000
2020-11-01,Commercial Bank Deposit Rate (Shillings),Deposit Rate,Percent per Annum,10.267750
2020-11-01,Commercial Bank Lending Rate (Shillings),Lending Rate,Percent per Annum,19.638311
2020-11-01,Interbank Rate (Overall),Interbank Rate,Percent per Annum,7.000000
2020-11-01,UGX per USD (Period Average),Exchange Rate,UGX per USD,3710.677381
2020-11-01,UGX per USD (Period End),Exchange Rate,UGX per USD,3700.805000
2020-12-01,Central Bank Rate,Policy Rate,Percent per Annum,7.000000
2020-12-01,Commercial Bank Deposit Rate (Shillings),Deposit Rate,Percent per Annum,9.483235
2020-12-01,Commercial Bank Lending Rate (Shillings),Lending Rate,Percent per Annum,17.110186
2020-12-01,Interbank Rate (Overall),Interbank Rate,Percent per Annum,7.110000
2020-12-01,UGX per USD (Period Average),Exchange Rate,UGX per USD,3666.543182
2020-12-01,UGX per USD (Period End),Exchange Rate,UGX per USD,3650.070000
2021-01-01,Central Bank Rate,Policy Rate,Percent per Annum,7.000000
2021-01-01,Commercial Bank Deposit Rate (Shillings),Deposit Rate,Percent per Annum,9.889207
2021-01-01,Commercial Bank Lending Rate (Shillings),Lending Rate,Percent per Annum,17.396320
2021-01-01,Interbank Rate (Overall),Interbank Rate,Percent per Annum,6.380000
2021-01-01,UGX per USD (Period Average),Exchange Rate,UGX per USD,3691.563657
2021-01-01,UGX per USD (Period End),Exchange Rate,UGX per USD,3687.302174
2021-02-01,Central Bank Rate,Policy Rate,Percent per Annum,7.000000
2021-02-01,Commercial Bank Deposit Rate (Shillings),Deposit Rate,Percent per Annum,9.794622
2021-02-01,Commercial Bank Lending Rate (Shillings),Lending Rate,Percent per Annum,19.861520
2021-02-01,Interbank Rate (Overall),Interbank Rate,Percent per Annum,7.070000
2021-02-01,UGX per USD (Period Average),Exchange Rate,UGX per USD,3667.315789
2021-02-01,UGX per USD (Period End),Exchange Rate,UGX per USD,3665.490000
2021-03-01,Central Bank Rate,Policy Rate,Percent per Annum,7.000000
2021-03-01,Commercial Bank Deposit Rate (Shillings),Deposit Rate,Percent per Annum,9.209370
2021-03-01,Commercial Bank Lending Rate (Shillings),Lending Rate,Percent per Annum,18.760000
2021-03-01,Interbank Rate (Overall),Interbank Rate,Percent per Annum,7.000000
2021-03-01,UGX per USD (Period Average),Exchange Rate,UGX per USD,3662.869545
2021-03-01,UGX per USD (Period End),Exchange Rate,UGX per USD,3663.930000
2021-04-01,Central Bank Rate,Policy Rate,Percent per Annum,7.000000
2021-04-01,Commercial Bank Deposit Rate (Shillings),Deposit Rate,Percent per Annum,8.586436
2021-04-01,Commercial Bank Lending Rate (Shillings),Lending Rate,Percent per Annum,18.100000
2021-04-01,Interbank Rate (Overall),Interbank Rate,Percent per Annum,7.260000
2021-04-01,UGX per USD (Period Average),Exchange Rate,UGX per USD,3623.302000
2021-04-01,UGX per USD (Period End),Exchange Rate,UGX per USD,3578.140000
2021-05-01,Central Bank Rate,Policy Rate,Percent per Annum,7.000000
2021-05-01,Commercial Bank Deposit Rate (Shillings),Deposit Rate,Percent per Annum,8.281407
2021-05-01,Commercial Bank Lending Rate (Shillings),Lending Rate,Percent per Annum,19.550000
2021-05-01,Interbank Rate (Overall),Interbank Rate,Percent per Annum,7.100000
2021-05-01,UGX per USD (Period Average),Exchange Rate,UGX per USD,3552.786579
2021-05-01,UGX per USD (Period End),Exchange Rate,UGX per USD,3545.740000
2021-06-01,Central Bank Rate,Policy Rate,Percent per Annum,6.500000
2021-06-01,Commercial Bank Deposit Rate (Shillings),Deposit Rate,Percent per Annum,8.007159
2021-06-01,Commercial Bank Lending Rate (Shillings),Lending Rate,Percent per Annum,17.000000
2021-06-01,Interbank Rate (Overall),Interbank Rate,Percent per Annum,6.950000
2021-06-01,UGX per USD (Period Average),Exchange Rate,UGX per USD,3540.352105
2021-06-01,UGX per USD (Period End),Exchange Rate,UGX per USD,3556.710000
2021-07-01,Central Bank Rate,Policy Rate,Percent per Annum,6.500000
2021-07-01,Commercial Bank Deposit Rate (Shillings),Deposit Rate,Percent per Annum,8.384769
2021-07-01,Commercial Bank Lending Rate (Shillings),Lending Rate,Percent per Annum,16.276291
2021-07-01,Interbank Rate (Overall),Interbank Rate,Percent per Annum,6.550000
2021-07-01,UGX per USD (Period Average),Exchange Rate,UGX per USD,3552.305714
2021-07-01,UGX per USD (Period End),Exchange Rate,UGX per USD,3549.910000
2021-08-01,Central Bank Rate,Policy Rate,Percent per Annum,6.500000
2021-08-01,Commercial Bank Deposit Rate (Shillings),Deposit Rate,Percent per Annum,8.650962
2021-08-01,Commercial Bank Lending Rate (Shillings),Lending Rate,Percent per Annum,18.290000
2021-08-01,Interbank Rate (Overall),Interbank Rate,Percent per Annum,6.490000
2021-08-01,UGX per USD (Period Average),Exchange Rate,UGX per USD,3537.036818
2021-08-01,UGX per USD (Period End),Exchange Rate,UGX per USD,3535.130000
2021-09-01,Central Bank Rate,Policy Rate,Percent per Annum,6.500000
2021-09-01,Commercial Bank Deposit Rate (Shillings),Deposit Rate,Percent per Annum,8.124120
2021-09-01,Commercial Bank Lending Rate (Shillings),Lending Rate,Percent per Annum,19.047401
2021-09-01,Interbank Rate (Overall),Interbank Rate,Percent per Annum,6.420000
2021-09-01,UGX per USD (Period Average),Exchange Rate,UGX per USD,3530.631364
2021-09-01,UGX per USD (Period End),Exchange Rate,UGX per USD,3542.670000
2021-10-01,Central Bank Rate,Policy Rate,Percent per Annum,6.500000
2021-10-01,Commercial Bank Deposit Rate (Shillings),Deposit Rate,Percent per Annum,8.157116
2021-10-01,Commercial Bank Lending Rate (Shillings),Lending Rate,Percent per Annum,19.655294
2021-10-01,Interbank Rate (Overall),Interbank Rate,Percent per Annum,6.797306
2021-10-01,UGX per USD (Period Average),Exchange Rate,UGX per USD,3579.942381
2021-10-01,UGX per USD (Period End),Exchange Rate,UGX per USD,3554.780000
2021-11-01,Central Bank Rate,Policy Rate,Percent per Annum,6.500000
2021-11-01,Commercial Bank Deposit Rate (Shillings),Deposit Rate,Percent per Annum,7.290495
2021-11-01,Commercial Bank Lending Rate (Shillings),Lending Rate,Percent per Annum,19.870334
2021-11-01,Interbank Rate (Overall),Interbank Rate,Percent per Annum,6.785841
2021-11-01,UGX per USD (Period Average),Exchange Rate,UGX per USD,3551.522795
2021-11-01,UGX per USD (Period End),Exchange Rate,UGX per USD,3564.200000
2021-12-01,Central Bank Rate,Policy Rate,Percent per Annum,6.500000
2021-12-01,Commercial Bank Deposit Rate (Shillings),Deposit Rate,Percent per Annum,8.684080
2021-12-01,Commercial Bank Lending Rate (Shillings),Lending Rate,Percent per Annum,18.603495
2021-12-01,Interbank Rate (Overall),Interbank Rate,Percent per Annum,6.629735
2021-12-01,UGX per USD (Period Average),Exchange Rate,UGX per USD,3554.991739
2021-12-01,UGX per USD (Period End),Exchange Rate,UGX per USD,3544.410000
2022-01-01,Central Bank Rate,Policy Rate,Percent per Annum,6.500000
2022-01-01,Commercial Bank Deposit Rate (Shillings),Deposit Rate,Percent per Annum,8.076850
2022-01-01,Commercial Bank Lending Rate (Shillings),Lending Rate,Percent per Annum,19.398303
2022-01-01,Interbank Rate (Overall),Interbank Rate,Percent per Annum,6.590000
2022-01-01,UGX per USD (Period Average),Exchange Rate,UGX per USD,3528.833500
2022-01-01,UGX per USD (Period End),Exchange Rate,UGX per USD,3509.860000
2022-02-01,Central Bank Rate,Policy Rate,Percent per Annum,6.500000
2022-02-01,Commercial Bank Deposit Rate (Shillings),Deposit Rate,Percent per Annum,8.492473
2022-02-01,Commercial Bank Lending Rate (Shillings),Lending Rate,Percent per Annum,18.836578
2022-02-01,Interbank Rate (Overall),Interbank Rate,Percent per Annum,6.572113
2022-02-01,UGX per USD (Period Average),Exchange Rate,UGX per USD,3514.506842
2022-02-01,UGX per USD (Period End),Exchange Rate,UGX per USD,3540.780000
2022-03-01,Central Bank Rate,Policy Rate,Percent per Annum,6.500000
2022-03-01,Commercial Bank Deposit Rate (Shillings),Deposit Rate,Percent per Annum,8.555641
2022-03-01,Commercial Bank Lending Rate (Shillings),Lending Rate,Percent per Annum,19.350126
2022-03-01,Interbank Rate (Overall),Interbank Rate,Percent per Annum,6.591364
2022-03-01,UGX per USD (Period Average),Exchange Rate,UGX per USD,3589.842273
2022-03-01,UGX per USD (Period End),Exchange Rate,UGX per USD,3588.160000
2022-04-01,Central Bank Rate,Policy Rate,Percent per Annum,6.500000
2022-04-01,Commercial Bank Deposit Rate (Shillings),Deposit Rate,Percent per Annum,8.303191
2022-04-01,Commercial Bank Lending Rate (Shillings),Lending Rate,Percent per Annum,18.840838
2022-04-01,Interbank Rate (Overall),Interbank Rate,Percent per Annum,6.709444
2022-04-01,UGX per USD (Period Average),Exchange Rate,UGX per USD,3541.456111
2022-04-01,UGX per USD (Period End),Exchange Rate,UGX per USD,3562.070000
2022-05-01,Central Bank Rate,Policy Rate,Percent per Annum,6.500000
2022-05-01,Commercial Bank Deposit Rate (Shillings),Deposit Rate,Percent per Annum,8.121742
2022-05-01,Commercial Bank Lending Rate (Shillings),Lending Rate,Percent per Annum,18.320171
2022-05-01,Interbank Rate (Overall),Interbank Rate,Percent per Annum,6.653850
2022-05-01,UGX per USD (Period Average),Exchange Rate,UGX per USD,3633.068095
2022-05-01,UGX per USD (Period End),Exchange Rate,UGX per USD,3775.860000
2022-06-01,Central Bank Rate,Policy Rate,Percent per Annum,7.500000
2022-06-01,Commercial Bank Deposit Rate (Shillings),Deposit Rate,Percent per Annum,8.010251
2022-06-01,Commercial Bank Lending Rate (Shillings),Lending Rate,Percent per Annum,16.329380
2022-06-01,Interbank Rate (Overall),Interbank Rate,Percent per Annum,8.127017
2022-06-01,UGX per USD (Period Average),Exchange Rate,UGX per USD,3747.380750
2022-06-01,UGX per USD (Period End),Exchange Rate,UGX per USD,3756.650000
2022-07-01,Central Bank Rate,Policy Rate,Percent per Annum,8.500000
2022-07-01,Commercial Bank Deposit Rate (Shillings),Deposit Rate,Percent per Annum,9.084625
2022-07-01,Commercial Bank Lending Rate (Shillings),Lending Rate,Percent per Annum,15.531304
2022-07-01,Interbank Rate (Overall),Interbank Rate,Percent per Annum,9.314286
2022-07-01,UGX per USD (Period Average),Exchange Rate,UGX per USD,3791.591905
2022-07-01,UGX per USD (Period End),Exchange Rate,UGX per USD,3862.430000
2022-08-01,Central Bank Rate,Policy Rate,Percent per Annum,9.000000
2022-08-01,Commercial Bank Deposit Rate (Shillings),Deposit Rate,Percent per Annum,10.046946
2022-08-01,Commercial Bank Lending Rate (Shillings),Lending Rate,Percent per Annum,17.286448
2022-08-01,Interbank Rate (Overall),Interbank Rate,Percent per Annum,10.151739
2022-08-01,UGX per USD (Period Average),Exchange Rate,UGX per USD,3832.449130
2022-08-01,UGX per USD (Period End),Exchange Rate,UGX per USD,3803.680000
2022-09-01,Central Bank Rate,Policy Rate,Percent per Annum,9.000000
2022-09-01,Commercial Bank Deposit Rate (Shillings),Deposit Rate,Percent per Annum,10.387325
2022-09-01,Commercial Bank Lending Rate (Shillings),Lending Rate,Percent per Annum,18.235355
2022-09-01,Interbank Rate (Overall),Interbank Rate,Percent per Annum,10.317317
2022-09-01,UGX per USD (Period Average),Exchange Rate,UGX per USD,3825.326364
2022-09-01,UGX per USD (Period End),Exchange Rate,UGX per USD,3853.960000
2022-10-01,Central Bank Rate,Policy Rate,Percent per Annum,10.000000
2022-10-01,Commercial Bank Deposit Rate (Shillings),Deposit Rate,Percent per Annum,10.878357
2022-10-01,Commercial Bank Lending Rate (Shillings),Lending Rate,Percent per Annum,18.416539
2022-10-01,Interbank Rate (Overall),Interbank Rate,Percent per Annum,10.965270
2022-10-01,UGX per USD (Period Average),Exchange Rate,UGX per USD,3822.267619
2022-10-01,UGX per USD (Period End),Exchange Rate,UGX per USD,3802.260000
2022-11-01,Central Bank Rate,Policy Rate,Percent per Annum,10.000000
2022-11-01,Commercial Bank Deposit Rate (Shillings),Deposit Rate,Percent per Annum,10.703141
2022-11-01,Commercial Bank Lending Rate (Shillings),Lending Rate,Percent per Annum,18.978408
2022-11-01,Interbank Rate (Overall),Interbank Rate,Percent per Annum,10.928304
2022-11-01,UGX per USD (Period Average),Exchange Rate,UGX per USD,3760.228182
2022-11-01,UGX per USD (Period End),Exchange Rate,UGX per USD,3741.860000
2022-12-01,Central Bank Rate,Policy Rate,Percent per Annum,10.000000
2022-12-01,Commercial Bank Deposit Rate (Shillings),Deposit Rate,Percent per Annum,10.722504
2022-12-01,Commercial Bank Lending Rate (Shillings),Lending Rate,Percent per Annum,18.906447
2022-12-01,Interbank Rate (Overall),Interbank Rate,Percent per Annum,11.151242
2022-12-01,UGX per USD (Period Average),Exchange Rate,UGX per USD,3690.857857
2022-12-01,UGX per USD (Period End),Exchange Rate,UGX per USD,3715.690000
2023-01-01,Central Bank Rate,Policy Rate,Percent per Annum,10.000000
2023-01-01,Commercial Bank Deposit Rate (Shillings),Deposit Rate,Percent per Annum,11.466235
2023-01-01,Commercial Bank Lending Rate (Shillings),Lending Rate,Percent per Annum,18.540097
2023-01-01,Interbank Rate (Overall),Interbank Rate,Percent per Annum,11.873859
2023-01-01,UGX per USD (Period Average),Exchange Rate,UGX per USD,3693.610476
2023-01-01,UGX per USD (Period End),Exchange Rate,UGX per USD,3685.030000
2023-02-01,Central Bank Rate,Policy Rate,Percent per Annum,10.000000
2023-02-01,Commercial Bank Deposit Rate (Shillings),Deposit Rate,Percent per Annum,10.803938
2023-02-01,Commercial Bank Lending Rate (Shillings),Lending Rate,Percent per Annum,20.236234
2023-02-01,Interbank Rate (Overall),Interbank Rate,Percent per Annum,11.995461
2023-02-01,UGX per USD (Period Average),Exchange Rate,UGX per USD,3685.715789
2023-02-01,UGX per USD (Period End),Exchange Rate,UGX per USD,3722.210000
2023-03-01,Central Bank Rate,Policy Rate,Percent per Annum,10.000000
2023-03-01,Commercial Bank Deposit Rate (Shillings),Deposit Rate,Percent per Annum,11.092091
2023-03-01,Commercial Bank Lending Rate (Shillings),Lending Rate,Percent per Annum,18.758490
2023-03-01,Interbank Rate (Overall),Interbank Rate,Percent per Annum,11.846109
2023-03-01,UGX per USD (Period Average),Exchange Rate,UGX per USD,3744.515000
2023-03-01,UGX per USD (Period End),Exchange Rate,UGX per USD,3778.130000
2023-04-01,Central Bank Rate,Policy Rate,Percent per Annum,10.000000
2023-04-01,Commercial Bank Deposit Rate (Shillings),Deposit Rate,Percent per Annum,11.383579
2023-04-01,Commercial Bank Lending Rate (Shillings),Lending Rate,Percent per Annum,19.265159
2023-04-01,Interbank Rate (Overall),Interbank Rate,Percent per Annum,11.171080
2023-04-01,UGX per USD (Period Average),Exchange Rate,UGX per USD,3745.819412
2023-04-01,UGX per USD (Period End),Exchange Rate,UGX per USD,3735.250000
2023-05-01,Central Bank Rate,Policy Rate,Percent per Annum,10.000000
2023-05-01,Commercial Bank Deposit Rate (Shillings),Deposit Rate,Percent per Annum,10.146766
2023-05-01,Commercial Bank Lending Rate (Shillings),Lending Rate,Percent per Annum,20.139409
2023-05-01,Interbank Rate (Overall),Interbank Rate,Percent per Annum,10.464487
2023-05-01,UGX per USD (Period Average),Exchange Rate,UGX per USD,3729.554545
2023-05-01,UGX per USD (Period End),Exchange Rate,UGX per USD,3772.400000
2023-06-01,Central Bank Rate,Policy Rate,Percent per Annum,10.000000
2023-06-01,Commercial Bank Deposit Rate (Shillings),Deposit Rate,Percent per Annum,10.956381
2023-06-01,Commercial Bank Lending Rate (Shillings),Lending Rate,Percent per Annum,18.408212
2023-06-01,Interbank Rate (Overall),Interbank Rate,Percent per Annum,10.232337
2023-06-01,UGX per USD (Period Average),Exchange Rate,UGX per USD,3707.788000
2023-06-01,UGX per USD (Period End),Exchange Rate,UGX per USD,3667.390000
2023-07-01,Central Bank Rate,Policy Rate,Percent per Annum,10.000000
2023-07-01,Commercial Bank Deposit Rate (Shillings),Deposit Rate,Percent per Annum,10.975612
2023-07-01,Commercial Bank Lending Rate (Shillings),Lending Rate,Percent per Annum,17.949865
2023-07-01,Interbank Rate (Overall),Interbank Rate,Percent per Annum,10.262808
2023-07-01,UGX per USD (Period Average),Exchange Rate,UGX per USD,3661.229524
2023-07-01,UGX per USD (Period End),Exchange Rate,UGX per USD,3615.140000
2023-08-01,Central Bank Rate,Policy Rate,Percent per Annum,9.500000
2023-08-01,Commercial Bank Deposit Rate (Shillings),Deposit Rate,Percent per Annum,10.419925
2023-08-01,Commercial Bank Lending Rate (Shillings),Lending Rate,Percent per Annum,18.398591
2023-08-01,Interbank Rate (Overall),Interbank Rate,Percent per Annum,10.392808
2023-08-01,UGX per USD (Period Average),Exchange Rate,UGX per USD,3689.122609
2023-08-01,UGX per USD (Period End),Exchange Rate,UGX per USD,3718.310000
2023-09-01,Central Bank Rate,Policy Rate,Percent per Annum,9.500000
2023-09-01,Commercial Bank Deposit Rate (Shillings),Deposit Rate,Percent per Annum,10.285368
2023-09-01,Commercial Bank Lending Rate (Shillings),Lending Rate,Percent per Annum,18.954428
2023-09-01,Interbank Rate (Overall),Interbank Rate,Percent per Annum,10.127486
2023-09-01,UGX per USD (Period Average),Exchange Rate,UGX per USD,3738.022250
2023-09-01,UGX per USD (Period End),Exchange Rate,UGX per USD,3757.310000
2023-10-01,Central Bank Rate,Policy Rate,Percent per Annum,9.500000
2023-10-01,Commercial Bank Deposit Rate (Shillings),Deposit Rate,Percent per Annum,10.134427
2023-10-01,Commercial Bank Lending Rate (Shillings),Lending Rate,Percent per Annum,18.902427
2023-10-01,Interbank Rate (Overall),Interbank Rate,Percent per Annum,10.642886
2023-10-01,UGX per USD (Period Average),Exchange Rate,UGX per USD,3755.625317
2023-10-01,UGX per USD (Period End),Exchange Rate,UGX per USD,3780.780000
2023-11-01,Central Bank Rate,Policy Rate,Percent per Annum,9.500000
2023-11-01,Commercial Bank Deposit Rate (Shillings),Deposit Rate,Percent per Annum,10.520619
2023-11-01,Commercial Bank Lending Rate (Shillings),Lending Rate,Percent per Annum,16.785686
2023-11-01,Interbank Rate (Overall),Interbank Rate,Percent per Annum,10.491197
2023-11-01,UGX per USD (Period Average),Exchange Rate,UGX per USD,3782.025189
2023-11-01,UGX per USD (Period End),Exchange Rate,UGX per USD,3817.263889
2023-12-01,Central Bank Rate,Policy Rate,Percent per Annum,9.500000
2023-12-01,Commercial Bank Deposit Rate (Shillings),Deposit Rate,Percent per Annum,11.880787
2023-12-01,Commercial Bank Lending Rate (Shillings),Lending Rate,Percent per Annum,16.701624
2023-12-01,Interbank Rate (Overall),Interbank Rate,Percent per Annum,10.293215
2023-12-01,UGX per USD (Period Average),Exchange Rate,UGX per USD,3780.657407
2023-12-01,UGX per USD (Period End),Exchange Rate,UGX per USD,3782.222222
2024-01-01,Central Bank Rate,Policy Rate,Percent per Annum,9.500000
2024-01-01,Commercial Bank Deposit Rate (Shillings),Deposit Rate,Percent per Annum,10.174464
2024-01-01,Commercial Bank Lending Rate (Shillings),Lending Rate,Percent per Annum,17.324877
2024-01-01,Interbank Rate (Overall),Interbank Rate,Percent per Annum,10.451979
2024-01-01,UGX per USD (Period Average),Exchange Rate,UGX per USD,3805.033624
2024-01-01,UGX per USD (Period End),Exchange Rate,UGX per USD,3815.541667
2024-02-01,Central Bank Rate,Policy Rate,Percent per Annum,9.500000
2024-02-01,Commercial Bank Deposit Rate (Shillings),Deposit Rate,Percent per Annum,10.900010
2024-02-01,Commercial Bank Lending Rate (Shillings),Lending Rate,Percent per Annum,18.087087
2024-02-01,Interbank Rate (Overall),Interbank Rate,Percent per Annum,10.830126
2024-02-01,UGX per USD (Period Average),Exchange Rate,UGX per USD,3873.587736
2024-02-01,UGX per USD (Period End),Exchange Rate,UGX per USD,3932.250000
2024-03-01,Central Bank Rate,Policy Rate,Percent per Annum,10.000000
2024-03-01,Commercial Bank Deposit Rate (Shillings),Deposit Rate,Percent per Annum,10.768701
2024-03-01,Commercial Bank Lending Rate (Shillings),Lending Rate,Percent per Annum,17.336066
2024-03-01,Interbank Rate (Overall),Interbank Rate,Percent per Annum,11.545375
2024-03-01,UGX per USD (Period Average),Exchange Rate,UGX per USD,3895.779737
2024-03-01,UGX per USD (Period End),Exchange Rate,UGX per USD,3885.000000
2024-04-01,Central Bank Rate,Policy Rate,Percent per Annum,10.250000
2024-04-01,Commercial Bank Deposit Rate (Shillings),Deposit Rate,Percent per Annum,10.209986
2024-04-01,Commercial Bank Lending Rate (Shillings),Lending Rate,Percent per Annum,17.735696
2024-04-01,Interbank Rate (Overall),Interbank Rate,Percent per Annum,12.008406
2024-04-01,UGX per USD (Period Average),Exchange Rate,UGX per USD,3822.687500
2024-04-01,UGX per USD (Period End),Exchange Rate,UGX per USD,3813.208333
2024-05-01,Central Bank Rate,Policy Rate,Percent per Annum,10.250000
2024-05-01,Commercial Bank Deposit Rate (Shillings),Deposit Rate,Percent per Annum,11.564662
2024-05-01,Commercial Bank Lending Rate (Shillings),Lending Rate,Percent per Annum,18.854354
2024-05-01,Interbank Rate (Overall),Interbank Rate,Percent per Annum,11.872280
2024-05-01,UGX per USD (Period Average),Exchange Rate,UGX per USD,3791.400794
2024-05-01,UGX per USD (Period End),Exchange Rate,UGX per USD,3812.375000
2024-06-01,Central Bank Rate,Policy Rate,Percent per Annum,10.250000
2024-06-01,Commercial Bank Deposit Rate (Shillings),Deposit Rate,Percent per Annum,11.541685
2024-06-01,Commercial Bank Lending Rate (Shillings),Lending Rate,Percent per Annum,17.638143
2024-06-01,Interbank Rate (Overall),Interbank Rate,Percent per Annum,10.146689
2024-06-01,UGX per USD (Period Average),Exchange Rate,UGX per USD,3747.190526
2024-06-01,UGX per USD (Period End),Exchange Rate,UGX per USD,3706.722222
2024-07-01,Central Bank Rate,Policy Rate,Percent per Annum,10.250000
2024-07-01,Commercial Bank Deposit Rate (Shillings),Deposit Rate,Percent per Annum,11.065090
2024-07-01,Commercial Bank Lending Rate (Shillings),Lending Rate,Percent per Annum,17.758498
2024-07-01,Interbank Rate (Overall),Interbank Rate,Percent per Annum,9.930119
2024-07-01,UGX per USD (Period Average),Exchange Rate,UGX per USD,3705.854807
2024-07-01,UGX per USD (Period End),Exchange Rate,UGX per USD,3722.909091
2024-08-01,Central Bank Rate,Policy Rate,Percent per Annum,10.000000
2024-08-01,Commercial Bank Deposit Rate (Shillings),Deposit Rate,Percent per Annum,10.773801
2024-08-01,Commercial Bank Lending Rate (Shillings),Lending Rate,Percent per Annum,19.064526
2024-08-01,Interbank Rate (Overall),Interbank Rate,Percent per Annum,10.361478
2024-08-01,UGX per USD (Period Average),Exchange Rate,UGX per USD,3723.647287
2024-08-01,UGX per USD (Period End),Exchange Rate,UGX per USD,3716.060000
2024-09-01,Central Bank Rate,Policy Rate,Percent per Annum,10.000000
2024-09-01,Commercial Bank Deposit Rate (Shillings),Deposit Rate,Percent per Annum,11.372374
2024-09-01,Commercial Bank Lending Rate (Shillings),Lending Rate,Percent per Annum,18.839196
2024-09-01,Interbank Rate (Overall),Interbank Rate,Percent per Annum,11.229177
2024-09-01,UGX per USD (Period Average),Exchange Rate,UGX per USD,3711.313088
2024-09-01,UGX per USD (Period End),Exchange Rate,UGX per USD,3690.045455
2024-10-01,Central Bank Rate,Policy Rate,Percent per Annum,9.750000
2024-10-01,Commercial Bank Deposit Rate (Shillings),Deposit Rate,Percent per Annum,11.052931
2024-10-01,Commercial Bank Lending Rate (Shillings),Lending Rate,Percent per Annum,19.434958
2024-10-01,Interbank Rate (Overall),Interbank Rate,Percent per Annum,10.986835
2024-10-01,UGX per USD (Period Average),Exchange Rate,UGX per USD,3667.926067
2024-10-01,UGX per USD (Period End),Exchange Rate,UGX per USD,3662.050000
2024-11-01,Central Bank Rate,Policy Rate,Percent per Annum,9.750000
2024-11-01,Commercial Bank Deposit Rate (Shillings),Deposit Rate,Percent per Annum,11.990439
2024-11-01,Commercial Bank Lending Rate (Shillings),Lending Rate,Percent per Annum,18.079698
2024-11-01,Interbank Rate (Overall),Interbank Rate,Percent per Annum,11.532684
2024-11-01,UGX per USD (Period Average),Exchange Rate,UGX per USD,3678.647547
2024-11-01,UGX per USD (Period End),Exchange Rate,UGX per USD,3688.860000
2024-12-01,Central Bank Rate,Policy Rate,Percent per Annum,9.750000
2024-12-01,Commercial Bank Deposit Rate (Shillings),Deposit Rate,Percent per Annum,12.411243
2024-12-01,Commercial Bank Lending Rate (Shillings),Lending Rate,Percent per Annum,17.370969
2024-12-01,Interbank Rate (Overall),Interbank Rate,Percent per Annum,11.612251
2024-12-01,UGX per USD (Period Average),Exchange Rate,UGX per USD,3664.081712
2024-12-01,UGX per USD (Period End),Exchange Rate,UGX per USD,3681.136364
2025-01-01,Central Bank Rate,Policy Rate,Percent per Annum,9.750000
2025-01-01,Commercial Bank Deposit Rate (Shillings),Deposit Rate,Percent per Annum,11.862915
2025-01-01,Commercial Bank Lending Rate (Shillings),Lending Rate,Percent per Annum,16.498806
2025-01-01,Interbank Rate (Overall),Interbank Rate,Percent per Annum,11.702139
2025-01-01,UGX per USD (Period Average),Exchange Rate,UGX per USD,3688.958988
2025-01-01,UGX per USD (Period End),Exchange Rate,UGX per USD,3684.760000
2025-02-01,Central Bank Rate,Policy Rate,Percent per Annum,9.750000
2025-02-01,Commercial Bank Deposit Rate (Shillings),Deposit Rate,Percent per Annum,11.950087
2025-02-01,Commercial Bank Lending Rate (Shillings),Lending Rate,Percent per Annum,18.757481
2025-02-01,Interbank Rate (Overall),Interbank Rate,Percent per Annum,10.978684
2025-02-01,UGX per USD (Period Average),Exchange Rate,UGX per USD,3677.701830
2025-02-01,UGX per USD (Period End),Exchange Rate,UGX per USD,3678.819091
2025-03-01,Central Bank Rate,Policy Rate,Percent per Annum,9.750000
2025-03-01,Commercial Bank Deposit Rate (Shillings),Deposit Rate,Percent per Annum,11.512549
2025-03-01,Commercial Bank Lending Rate (Shillings),Lending Rate,Percent per Annum,17.739202
2025-03-01,Interbank Rate (Overall),Interbank Rate,Percent per Annum,10.772378
2025-03-01,UGX per USD (Period Average),Exchange Rate,UGX per USD,3667.864600
2025-03-01,UGX per USD (Period End),Exchange Rate,UGX per USD,3661.620000
2025-04-01,Central Bank Rate,Policy Rate,Percent per Annum,9.750000
2025-04-01,Commercial Bank Deposit Rate (Shillings),Deposit Rate,Percent per Annum,11.727075
2025-04-01,Commercial Bank Lending Rate (Shillings),Lending Rate,Percent per Annum,16.636481
2025-04-01,Interbank Rate (Overall),Interbank Rate,Percent per Annum,10.656253
2025-04-01,UGX per USD (Period Average),Exchange Rate,UGX per USD,3669.612057
2025-04-01,UGX per USD (Period End),Exchange Rate,UGX per USD,3664.668409
2025-05-01,Central Bank Rate,Policy Rate,Percent per Annum,9.750000
2025-05-01,Commercial Bank Deposit Rate (Shillings),Deposit Rate,Percent per Annum,11.355618
2025-05-01,Commercial Bank Lending Rate (Shillings),Lending Rate,Percent per Annum,18.639133
2025-05-01,Interbank Rate (Overall),Interbank Rate,Percent per Annum,10.504621
2025-05-01,UGX per USD (Period Average),Exchange Rate,UGX per USD,3653.397154
2025-05-01,UGX per USD (Period End),Exchange Rate,UGX per USD,3631.818864
2025-06-01,Central Bank Rate,Policy Rate,Percent per Annum,9.750000
2025-06-01,Commercial Bank Deposit Rate (Shillings),Deposit Rate,Percent per Annum,11.069044
2025-06-01,Commercial Bank Lending Rate (Shillings),Lending Rate,Percent per Annum,19.074083
2025-06-01,Interbank Rate (Overall),Interbank Rate,Percent per Annum,9.430178
2025-06-01,UGX per USD (Period Average),Exchange Rate,UGX per USD,3605.838434
2025-06-01,UGX per USD (Period End),Exchange Rate,UGX per USD,3594.590455
2025-07-01,Central Bank Rate,Policy Rate,Percent per Annum,9.750000
2025-07-01,Commercial Bank Deposit Rate (Shillings),Deposit Rate,Percent per Annum,11.869760
2025-07-01,Commercial Bank Lending Rate (Shillings),Lending Rate,Percent per Annum,19.646047
2025-07-01,Interbank Rate (Overall),Interbank Rate,Percent per Annum,9.819475
2025-07-01,UGX per USD (Period Average),Exchange Rate,UGX per USD,3586.565909
2025-07-01,UGX per USD (Period End),Exchange Rate,UGX per USD,3585.020000
2025-08-01,Central Bank Rate,Policy Rate,Percent per Annum,9.750000
2025-08-01,Commercial Bank Deposit Rate (Shillings),Deposit Rate,Percent per Annum,11.098408
2025-08-01,Commercial Bank Lending Rate (Shillings),Lending Rate,Percent per Annum,18.464203
2025-08-01,Interbank Rate (Overall),Interbank Rate,Percent per Annum,9.939133
2025-08-01,UGX per USD (Period Average),Exchange Rate,UGX per USD,3563.928864
2025-08-01,UGX per USD (Period End),Exchange Rate,UGX per USD,3550.360000
2025-09-01,Central Bank Rate,Policy Rate,Percent per Annum,9.750000
2025-09-01,Commercial Bank Deposit Rate (Shillings),Deposit Rate,Percent per Annum,9.650669
2025-09-01,Commercial Bank Lending Rate (Shillings),Lending Rate,Percent per Annum,18.449613
2025-09-01,Interbank Rate (Overall),Interbank Rate,Percent per Annum,9.871579
2025-09-01,UGX per USD (Period Average),Exchange Rate,UGX per USD,3507.790207
2025-09-01,UGX per USD (Period End),Exchange Rate,UGX per USD,3490.000000
2025-10-01,Central Bank Rate,Policy Rate,Percent per Annum,9.750000
2025-10-01,Commercial Bank Deposit Rate (Shillings),Deposit Rate,Percent per Annum,10.169064
2025-10-01,Commercial Bank Lending Rate (Shillings),Lending Rate,Percent per Annum,19.705051
2025-10-01,Interbank Rate (Overall),Interbank Rate,Percent per Annum,9.876760
2025-10-01,UGX per USD (Period Average),Exchange Rate,UGX per USD,3463.855764
2025-10-01,UGX per USD (Period End),Exchange Rate,UGX per USD,3478.950000
2025-11-01,Central Bank Rate,Policy Rate,Percent per Annum,9.750000
2025-11-01,Commercial Bank Deposit Rate (Shillings),Deposit Rate,Percent per Annum,10.790675
2025-11-01,Commercial Bank Lending Rate (Shillings),Lending Rate,Percent per Annum,18.430000
2025-11-01,Interbank Rate (Overall),Interbank Rate,Percent per Annum,9.804430
2025-11-01,UGX per USD (Period Average),Exchange Rate,UGX per USD,3575.136625
2025-11-01,UGX per USD (Period End),Exchange Rate,UGX per USD,3630.090000
2025-12-01,Central Bank Rate,Policy Rate,Percent per Annum,9.750000
2025-12-01,Commercial Bank Deposit Rate (Shillings),Deposit Rate,Percent per Annum,11.824216
2025-12-01,Commercial Bank Lending Rate (Shillings),Lending Rate,Percent per Annum,18.001564
2025-12-01,Interbank Rate (Overall),Interbank Rate,Percent per Annum,9.980996
2025-12-01,UGX per USD (Period Average),Exchange Rate,UGX per USD,3575.228874
2025-12-01,UGX per USD (Period End),Exchange Rate,UGX per USD,3619.650000
2026-01-01,Central Bank Rate,Policy Rate,Percent per Annum,9.750000
2026-01-01,Commercial Bank Deposit Rate (Shillings),Deposit Rate,Percent per Annum,10.788548
2026-01-01,Commercial Bank Lending Rate (Shillings),Lending Rate,Percent per Annum,18.332822
2026-01-01,Interbank Rate (Overall),Interbank Rate,Percent per Annum,10.304473
2026-01-01,UGX per USD (Period Average),Exchange Rate,UGX per USD,3562.143712
2026-01-01,UGX per USD (Period End),Exchange Rate,UGX per USD,3563.181364
2026-02-01,Central Bank Rate,Policy Rate,Percent per Annum,9.750000
2026-02-01,Commercial Bank Deposit Rate (Shillings),Deposit Rate,Percent per Annum,11.132833
2026-02-01,Commercial Bank Lending Rate (Shillings),Lending Rate,Percent per Annum,18.725898
2026-02-01,Interbank Rate (Overall),Interbank Rate,Percent per Annum,10.254898
2026-02-01,UGX per USD (Period Average),Exchange Rate,UGX per USD,3568.228935
2026-02-01,UGX per USD (Period End),Exchange Rate,UGX per USD,3600.000000
2026-03-01,Central Bank Rate,Policy Rate,Percent per Annum,9.750000
2026-03-01,Commercial Bank Deposit Rate (Shillings),Deposit Rate,Percent per Annum,11.017617
2026-03-01,Commercial Bank Lending Rate (Shillings),Lending Rate,Percent per Annum,18.892667
2026-03-01,Interbank Rate (Overall),Interbank Rate,Percent per Annum,10.124525
2026-03-01,UGX per USD (Period Average),Exchange Rate,UGX per USD,3730.530987
2026-03-01,UGX per USD (Period End),Exchange Rate,UGX per USD,3762.577955
2026-04-01,Central Bank Rate,Policy Rate,Percent per Annum,9.750000
2026-04-01,Commercial Bank Deposit Rate (Shillings),Deposit Rate,Percent per Annum,11.010155
2026-04-01,Commercial Bank Lending Rate (Shillings),Lending Rate,Percent per Annum,18.259316
2026-04-01,Interbank Rate (Overall),Interbank Rate,Percent per Annum,10.239019
2026-04-01,UGX per USD (Period Average),Exchange Rate,UGX per USD,3716.699226
2026-04-01,UGX per USD (Period End),Exchange Rate,UGX per USD,3749.520000
2026-05-01,Central Bank Rate,Policy Rate,Percent per Annum,9.750000
2026-05-01,Commercial Bank Deposit Rate (Shillings),Deposit Rate,Percent per Annum,11.228472
2026-05-01,Commercial Bank Lending Rate (Shillings),Lending Rate,Percent per Annum,18.004078
2026-05-01,Interbank Rate (Overall),Interbank Rate,Percent per Annum,10.078588
2026-05-01,UGX per USD (Period Average),Exchange Rate,UGX per USD,3764.109868
2026-05-01,UGX per USD (Period End),Exchange Rate,UGX per USD,3773.827857
2026-06-01,Central Bank Rate,Policy Rate,Percent per Annum,9.750000
2026-06-01,Commercial Bank Deposit Rate (Shillings),Deposit Rate,Percent per Annum,10.716234
2026-06-01,Commercial Bank Lending Rate (Shillings),Lending Rate,Percent per Annum,16.930000
2026-06-01,Interbank Rate (Overall),Interbank Rate,Percent per Annum,9.908465
2026-06-01,UGX per USD (Period Average),Exchange Rate,UGX per USD,3710.635821
2026-06-01,UGX per USD (Period End),Exchange Rate,UGX per USD,3665.100000
2026-07-01,Central Bank Rate,Policy Rate,Percent per Annum,9.750000
2026-07-01,Interbank Rate (Overall),Interbank Rate,Percent per Annum,9.810669
2026-07-01,UGX per USD (Period Average),Exchange Rate,UGX per USD,3704.514719
2026-07-01,UGX per USD (Period End),Exchange Rate,UGX per USD,3751.840714
